"item_id","section","legacy_score","statement","disposition","embedded_assumption","ambiguity_and_bias","gaming_risk","role_or_culture_risk","required_evidence"
"L001","Team Structure","-1","Team has significantly unhealthy churn.","rewrite","Assumes endorsement of this statement represents organizational capability.","no explicit recall window or threshold","medium","Likely executive/engineer information asymmetry; terminology and candor may vary by hierarchy and culture.","Triangulate anonymous role-stratified responses with an artifact, event sample, or operational measure."
"L002","Team Structure","-1","Communication is ineffective, for example reliance on email or other asynchronous forms of communication.","split-or-operationalize","Assumes endorsement of this statement represents organizational capability.","potentially compound statement; no explicit recall window or threshold","medium","Likely executive/engineer information asymmetry; terminology and candor may vary by hierarchy and culture.","Triangulate anonymous role-stratified responses with an artifact, event sample, or operational measure."
"L003","Team Structure","1","Team has limited reliance on outside resources for day-to-day needs, and this is not causing a significant bottleneck for the team.","split-or-operationalize","Assumes endorsement of this statement represents organizational capability.","undefined evaluative or frequency term; potentially compound statement","high","Likely executive/engineer information asymmetry; terminology and candor may vary by hierarchy and culture.","Triangulate anonymous role-stratified responses with an artifact, event sample, or operational measure."
"L004","Team Structure","1","Product owner is at least part time, 50% of time dedicated to team.","rewrite","Assumes endorsement of this statement represents organizational capability.","no explicit recall window or threshold","medium","Likely executive/engineer information asymmetry; terminology and candor may vary by hierarchy and culture.","Triangulate anonymous role-stratified responses with an artifact, event sample, or operational measure."
"L005","Team Structure","1","Team has limited distractions outside of sprint goals.","remove-or-rewrite","Assumes this named Agile practice is universally desirable and belongs on a linear maturity path.","no explicit recall window or threshold","high","Likely executive/engineer information asymmetry; terminology and candor may vary by hierarchy and culture.","Do not score the practice itself; ask what constraint it addresses and verify the resulting outcome."
"L006","Team Structure","1","Team can deliver end to end features with business value.","retain-as-evidence-prompt","Assumes respondents can accurately report the operational condition without a defined window or data source.","no explicit recall window or threshold","medium","Likely executive/engineer information asymmetry; terminology and candor may vary by hierarchy and culture.","Verify with telemetry, records, or a sampled artifact; define product/service and time window."
"L007","Team Structure","1","Team is cross-functional with skill set mix that is well-balanced to match the needs of the work.","split-or-operationalize","Assumes endorsement of this statement represents organizational capability.","undefined evaluative or frequency term; no explicit recall window or threshold","high","Likely executive/engineer information asymmetry; terminology and candor may vary by hierarchy and culture.","Triangulate anonymous role-stratified responses with an artifact, event sample, or operational measure."
"L008","Team Structure","1","Team is dedicated to single value stream and does not multi-task outside of sprint goals.","remove-or-rewrite","Assumes this named Agile practice is universally desirable and belongs on a linear maturity path.","potentially compound statement; no explicit recall window or threshold","high","Likely executive/engineer information asymmetry; terminology and candor may vary by hierarchy and culture.","Do not score the practice itself; ask what constraint it addresses and verify the resulting outcome."
"L009","Team Structure","1","Product owner is dedicated to team and spends whatever time necessary for direct collaboration with team members.","split-or-operationalize","Assumes endorsement of this statement represents organizational capability.","potentially compound statement; no explicit recall window or threshold","medium","Likely executive/engineer information asymmetry; terminology and candor may vary by hierarchy and culture.","Triangulate anonymous role-stratified responses with an artifact, event sample, or operational measure."
"L010","Team Structure","2","Team members are becoming T-shaped and can manage a variety of responsibilities as the work demands.","remove-or-rewrite","Assumes this named Agile practice is universally desirable and belongs on a linear maturity path.","potentially compound statement; no explicit recall window or threshold","high","Likely executive/engineer information asymmetry; terminology and candor may vary by hierarchy and culture.","Do not score the practice itself; ask what constraint it addresses and verify the resulting outcome."
"L011","Team Structure","3","Team members' skill sets are highly flexible - almost any team member can flex to take on any type of work.","split-or-operationalize","Assumes endorsement of this statement represents organizational capability.","undefined evaluative or frequency term; no explicit recall window or threshold","high","Likely executive/engineer information asymmetry; terminology and candor may vary by hierarchy and culture.","Triangulate anonymous role-stratified responses with an artifact, event sample, or operational measure."
"L012","Team Workflow","-1","Developers work in isolation and do not engage in daily collaboration with teammates.","split-or-operationalize","Assumes endorsement of this statement represents organizational capability.","potentially compound statement; no explicit recall window or threshold","medium","Likely executive/engineer information asymmetry; terminology and candor may vary by hierarchy and culture.","Triangulate anonymous role-stratified responses with an artifact, event sample, or operational measure."
"L013","Team Workflow","-1","Developers work from written documents and do not communicate directly with PO or other teammates","split-or-operationalize","Assumes endorsement of this statement represents organizational capability.","potentially compound statement; no explicit recall window or threshold","medium","Likely executive/engineer information asymmetry; terminology and candor may vary by hierarchy and culture.","Triangulate anonymous role-stratified responses with an artifact, event sample, or operational measure."
"L014","Team Workflow","1","Developers work in close digital proximity to each other","rewrite","Assumes endorsement of this statement represents organizational capability.","no explicit recall window or threshold","medium","Likely executive/engineer information asymmetry; terminology and candor may vary by hierarchy and culture.","Triangulate anonymous role-stratified responses with an artifact, event sample, or operational measure."
"L015","Team Workflow","1","Team has standard tools for sharing in their workflow","rewrite","Assumes endorsement of this statement represents organizational capability.","no explicit recall window or threshold","medium","Likely executive/engineer information asymmetry; terminology and candor may vary by hierarchy and culture.","Triangulate anonymous role-stratified responses with an artifact, event sample, or operational measure."
"L016","Team Workflow","1","Team has digital collaboration space dedicated to the team","rewrite","Assumes endorsement of this statement represents organizational capability.","no explicit recall window or threshold","medium","Likely executive/engineer information asymmetry; terminology and candor may vary by hierarchy and culture.","Triangulate anonymous role-stratified responses with an artifact, event sample, or operational measure."
"L017","Team Workflow","1","Team has management support to acquire additional non-standard tools needed to be successful","rewrite","Assumes endorsement of this statement represents organizational capability.","no explicit recall window or threshold","medium","Likely executive/engineer information asymmetry; terminology and candor may vary by hierarchy and culture.","Triangulate anonymous role-stratified responses with an artifact, event sample, or operational measure."
"L018","Team Workflow","1","Product Owner works closely with the rest of the team","rewrite","Assumes endorsement of this statement represents organizational capability.","no explicit recall window or threshold","medium","Likely executive/engineer information asymmetry; terminology and candor may vary by hierarchy and culture.","Triangulate anonymous role-stratified responses with an artifact, event sample, or operational measure."
"L019","Team Workflow","2","Team has flexibility to schedule face-to-face video chats as needed","split-or-operationalize","Assumes endorsement of this statement represents organizational capability.","undefined evaluative or frequency term; no explicit recall window or threshold","high","Likely executive/engineer information asymmetry; terminology and candor may vary by hierarchy and culture.","Triangulate anonymous role-stratified responses with an artifact, event sample, or operational measure."
"L020","Team Workflow","2","Other key stakeholders are available to the team","rewrite","Assumes endorsement of this statement represents organizational capability.","no explicit recall window or threshold","medium","Likely executive/engineer information asymmetry; terminology and candor may vary by hierarchy and culture.","Triangulate anonymous role-stratified responses with an artifact, event sample, or operational measure."
"L021","Team Workflow","2","Team members are empowered to get time with those they need without regard to organizational hierarchy","rewrite","Assumes endorsement of this statement represents organizational capability.","no explicit recall window or threshold","medium","Likely executive/engineer information asymmetry; terminology and candor may vary by hierarchy and culture.","Triangulate anonymous role-stratified responses with an artifact, event sample, or operational measure."
"L022","Team Workflow","3","Team self-organizes around workflow improvements, continuously optimizing how collaboration and communication happen without relying on formal direction.","split-or-operationalize","Assumes endorsement of this statement represents organizational capability.","potentially compound statement; no explicit recall window or threshold","medium","Likely executive/engineer information asymmetry; terminology and candor may vary by hierarchy and culture.","Triangulate anonymous role-stratified responses with an artifact, event sample, or operational measure."
"L023","Team Working Agreements","-1","Chaos, no defined standards or processes have been formed.","split-or-operationalize","Assumes endorsement of this statement represents organizational capability.","potentially compound statement; no explicit recall window or threshold","medium","Likely executive/engineer information asymmetry; terminology and candor may vary by hierarchy and culture.","Triangulate anonymous role-stratified responses with an artifact, event sample, or operational measure."
"L024","Team Working Agreements","1","The team has defined practices such as a definition of done, meeting cadences, coding standards, story sizing guidelines, and version control practices.","remove-or-rewrite","Assumes this named Agile practice is universally desirable and belongs on a linear maturity path.","potentially compound statement; no explicit recall window or threshold","high","Likely executive/engineer information asymmetry; terminology and candor may vary by hierarchy and culture.","Do not score the practice itself; ask what constraint it addresses and verify the resulting outcome."
"L025","Team Working Agreements","1","Everyone is aware of the practices.","rewrite","Assumes endorsement of this statement represents organizational capability.","absolute wording; no explicit recall window or threshold","medium","Likely executive/engineer information asymmetry; terminology and candor may vary by hierarchy and culture.","Triangulate anonymous role-stratified responses with an artifact, event sample, or operational measure."
"L026","Team Working Agreements","1","Everyone follows the practices consistently.","rewrite","Assumes endorsement of this statement represents organizational capability.","absolute wording; no explicit recall window or threshold","medium","Likely executive/engineer information asymmetry; terminology and candor may vary by hierarchy and culture.","Triangulate anonymous role-stratified responses with an artifact, event sample, or operational measure."
"L027","Team Working Agreements","1","Team has discussed and agreed on the practices they will follow.","split-or-operationalize","Assumes endorsement of this statement represents organizational capability.","potentially compound statement; no explicit recall window or threshold","medium","Likely executive/engineer information asymmetry; terminology and candor may vary by hierarchy and culture.","Triangulate anonymous role-stratified responses with an artifact, event sample, or operational measure."
"L028","Team Working Agreements","1","If asked, all team members would describe this common set of practices consistently .","rewrite","Assumes endorsement of this statement represents organizational capability.","absolute wording; no explicit recall window or threshold","medium","Likely executive/engineer information asymmetry; terminology and candor may vary by hierarchy and culture.","Triangulate anonymous role-stratified responses with an artifact, event sample, or operational measure."
"L029","Team Working Agreements","1","All team members generally respect and mostly follow the agreements.","split-or-operationalize","Assumes endorsement of this statement represents organizational capability.","undefined evaluative or frequency term; potentially compound statement; absolute wording; no explicit recall window or threshold","high","Likely executive/engineer information asymmetry; terminology and candor may vary by hierarchy and culture.","Triangulate anonymous role-stratified responses with an artifact, event sample, or operational measure."
"L030","Team Working Agreements","2","Working agreements are revisited periodically (such as during retrospectives) and refined over time as team evolves and improves.","split-or-operationalize","Assumes endorsement of this statement represents organizational capability.","potentially compound statement; no explicit recall window or threshold","medium","Likely executive/engineer information asymmetry; terminology and candor may vary by hierarchy and culture.","Triangulate anonymous role-stratified responses with an artifact, event sample, or operational measure."
"L031","Team Working Agreements","2","The team generally self enforces the working agreements and does not rely on a scrum master or other single authority figure.","remove-or-rewrite","Assumes this named Agile practice is universally desirable and belongs on a linear maturity path.","undefined evaluative or frequency term; potentially compound statement; no explicit recall window or threshold","high","Likely executive/engineer information asymmetry; terminology and candor may vary by hierarchy and culture.","Do not score the practice itself; ask what constraint it addresses and verify the resulting outcome."
"L032","Team Working Agreements","3","Working agreements include elements that encourage innovation, cross-training, excellent collaboration, and growth for the team members.","split-or-operationalize","Assumes endorsement of this statement represents organizational capability.","potentially compound statement; no explicit recall window or threshold","medium","Likely executive/engineer information asymmetry; terminology and candor may vary by hierarchy and culture.","Triangulate anonymous role-stratified responses with an artifact, event sample, or operational measure."
"L033","Cross Team Working Agreements","-1","Processes are decided and documented by what the performing team feels is required, i.e not collaboratively.","split-or-operationalize","Assumes endorsement of this statement represents organizational capability.","potentially compound statement; no explicit recall window or threshold","medium","Likely executive/engineer information asymmetry; terminology and candor may vary by hierarchy and culture.","Triangulate anonymous role-stratified responses with an artifact, event sample, or operational measure."
"L034","Cross Team Working Agreements","-1","Ad-hoc and unplanned working agreements are in place around security scans, risk management, export control, cross team integration for full feature integration regarding release and deploy procedures.","split-or-operationalize","Assumes respondents can accurately report the operational condition without a defined window or data source.","potentially compound statement; no explicit recall window or threshold","medium","Likely executive/engineer information asymmetry; terminology and candor may vary by hierarchy and culture.","Verify with telemetry, records, or a sampled artifact; define product/service and time window."
"L035","Cross Team Working Agreements","1","An attempt at collaboratively authoring working agreements has been made and they meet the needs of most parties.","split-or-operationalize","Assumes endorsement of this statement represents organizational capability.","potentially compound statement; no explicit recall window or threshold","medium","Likely executive/engineer information asymmetry; terminology and candor may vary by hierarchy and culture.","Triangulate anonymous role-stratified responses with an artifact, event sample, or operational measure."
"L036","Cross Team Working Agreements","1","Scrum of scrums in place.","remove-or-rewrite","Assumes this named Agile practice is universally desirable and belongs on a linear maturity path.","no explicit recall window or threshold","high","Likely executive/engineer information asymmetry; terminology and candor may vary by hierarchy and culture.","Do not score the practice itself; ask what constraint it addresses and verify the resulting outcome."
"L037","Cross Team Working Agreements","1","Key dependencies between teams are mostly delivered on-time.","split-or-operationalize","Assumes endorsement of this statement represents organizational capability.","undefined evaluative or frequency term; no explicit recall window or threshold","high","Likely executive/engineer information asymmetry; terminology and candor may vary by hierarchy and culture.","Triangulate anonymous role-stratified responses with an artifact, event sample, or operational measure."
"L038","Cross Team Working Agreements","1","Working agreements have been collaboratively authored, and they meet the needs of all concerned.","split-or-operationalize","Assumes endorsement of this statement represents organizational capability.","potentially compound statement; absolute wording; no explicit recall window or threshold","medium","Likely executive/engineer information asymmetry; terminology and candor may vary by hierarchy and culture.","Triangulate anonymous role-stratified responses with an artifact, event sample, or operational measure."
"L039","Cross Team Working Agreements","1","Working agreements may be expressed as SLAs.","rewrite","Assumes endorsement of this statement represents organizational capability.","no explicit recall window or threshold","medium","Likely executive/engineer information asymmetry; terminology and candor may vary by hierarchy and culture.","Triangulate anonymous role-stratified responses with an artifact, event sample, or operational measure."
"L040","Cross Team Working Agreements","1","When SLAs are not met, efforts are made to retrospect and identify cause.","split-or-operationalize","Assumes endorsement of this statement represents organizational capability.","potentially compound statement; no explicit recall window or threshold","medium","Likely executive/engineer information asymmetry; terminology and candor may vary by hierarchy and culture.","Triangulate anonymous role-stratified responses with an artifact, event sample, or operational measure."
"L041","Cross Team Working Agreements","1","Inspection of unmet agreements result in continuous improvement changes.","rewrite","Assumes endorsement of this statement represents organizational capability.","no explicit recall window or threshold","medium","Likely executive/engineer information asymmetry; terminology and candor may vary by hierarchy and culture.","Triangulate anonymous role-stratified responses with an artifact, event sample, or operational measure."
"L042","Cross Team Working Agreements","2","Teams work together to proactively find and address problems before they arise.","split-or-operationalize","Assumes endorsement of this statement represents organizational capability.","potentially compound statement; no explicit recall window or threshold","medium","Likely executive/engineer information asymmetry; terminology and candor may vary by hierarchy and culture.","Triangulate anonymous role-stratified responses with an artifact, event sample, or operational measure."
"L043","Cross Team Working Agreements","2","Improvements are implemented that will break down the cross-team dependencies such as empowering teams to perform functions internally.","rewrite","Assumes endorsement of this statement represents organizational capability.","no explicit recall window or threshold","medium","Likely executive/engineer information asymmetry; terminology and candor may vary by hierarchy and culture.","Triangulate anonymous role-stratified responses with an artifact, event sample, or operational measure."
"L044","Cross Team Working Agreements","3","Meritocracy is used among teams.","rewrite","Assumes endorsement of this statement represents organizational capability.","no explicit recall window or threshold","medium","Likely executive/engineer information asymmetry; terminology and candor may vary by hierarchy and culture.","Triangulate anonymous role-stratified responses with an artifact, event sample, or operational measure."
"L045","Cross Team Working Agreements","3","Self-organizing approaches to collaboration have emerged and are providing significant value to teams.","split-or-operationalize","Assumes endorsement of this statement represents organizational capability.","undefined evaluative or frequency term; potentially compound statement; no explicit recall window or threshold","high","Likely executive/engineer information asymmetry; terminology and candor may vary by hierarchy and culture.","Triangulate anonymous role-stratified responses with an artifact, event sample, or operational measure."
"L046","Business Partner Working Agreements","-1","There are frequent misunderstandings around scope and schedule.","split-or-operationalize","Assumes endorsement of this statement represents organizational capability.","undefined evaluative or frequency term; potentially compound statement; no explicit recall window or threshold","high","Likely executive/engineer information asymmetry; terminology and candor may vary by hierarchy and culture.","Triangulate anonymous role-stratified responses with an artifact, event sample, or operational measure."
"L047","Business Partner Working Agreements","-1","Business partners are not clear on their role or are not providing support needed to be successful.","split-or-operationalize","Assumes endorsement of this statement represents organizational capability.","potentially compound statement; no explicit recall window or threshold","medium","Likely executive/engineer information asymmetry; terminology and candor may vary by hierarchy and culture.","Triangulate anonymous role-stratified responses with an artifact, event sample, or operational measure."
"L048","Business Partner Working Agreements","-1","Poor transparency, inconsistent information as to real project status.","rewrite","Assumes endorsement of this statement represents organizational capability.","no explicit recall window or threshold","medium","Likely executive/engineer information asymmetry; terminology and candor may vary by hierarchy and culture.","Triangulate anonymous role-stratified responses with an artifact, event sample, or operational measure."
"L049","Business Partner Working Agreements","1","There are realistic expectations as to how scope and schedule will be managed.","split-or-operationalize","Assumes endorsement of this statement represents organizational capability.","undefined evaluative or frequency term; potentially compound statement; no explicit recall window or threshold","high","Likely executive/engineer information asymmetry; terminology and candor may vary by hierarchy and culture.","Triangulate anonymous role-stratified responses with an artifact, event sample, or operational measure."
"L050","Business Partner Working Agreements","1","There is a partially defined understanding of roles and responsibilities between the business and engineering teams.","split-or-operationalize","Assumes endorsement of this statement represents organizational capability.","potentially compound statement; no explicit recall window or threshold","medium","Likely executive/engineer information asymmetry; terminology and candor may vary by hierarchy and culture.","Triangulate anonymous role-stratified responses with an artifact, event sample, or operational measure."
"L051","Business Partner Working Agreements","1","Informal expectations or agreement on how the team should interact with the business or what the business should expect from the team exist.","split-or-operationalize","Assumes endorsement of this statement represents organizational capability.","potentially compound statement; no explicit recall window or threshold","medium","Likely executive/engineer information asymmetry; terminology and candor may vary by hierarchy and culture.","Triangulate anonymous role-stratified responses with an artifact, event sample, or operational measure."
"L052","Business Partner Working Agreements","1","When the business adds new scope, realistic tradeoffs are made.","split-or-operationalize","Assumes endorsement of this statement represents organizational capability.","undefined evaluative or frequency term; no explicit recall window or threshold","high","Likely executive/engineer information asymmetry; terminology and candor may vary by hierarchy and culture.","Triangulate anonymous role-stratified responses with an artifact, event sample, or operational measure."
"L053","Business Partner Working Agreements","1","Roles and expectations are clear and understood by all parties.","split-or-operationalize","Assumes endorsement of this statement represents organizational capability.","potentially compound statement; absolute wording; no explicit recall window or threshold","medium","Likely executive/engineer information asymmetry; terminology and candor may vary by hierarchy and culture.","Triangulate anonymous role-stratified responses with an artifact, event sample, or operational measure."
"L054","Business Partner Working Agreements","1","The project management approach is well-understood and agreed upon","split-or-operationalize","Assumes endorsement of this statement represents organizational capability.","undefined evaluative or frequency term; potentially compound statement; no explicit recall window or threshold","high","Likely executive/engineer information asymmetry; terminology and candor may vary by hierarchy and culture.","Triangulate anonymous role-stratified responses with an artifact, event sample, or operational measure."
"L055","Business Partner Working Agreements","1","Both parties are committed to transparency and reality-based management and agree adjustments to scope and timeline will be negotiated as risks emerge.","split-or-operationalize","Assumes endorsement of this statement represents organizational capability.","potentially compound statement; no explicit recall window or threshold","medium","Likely executive/engineer information asymmetry; terminology and candor may vary by hierarchy and culture.","Triangulate anonymous role-stratified responses with an artifact, event sample, or operational measure."
"L056","Business Partner Working Agreements","1","The backlog is the only mechanism by which scope is managed.","remove-or-rewrite","Assumes this named Agile practice is universally desirable and belongs on a linear maturity path.","absolute wording; no explicit recall window or threshold","high","Likely executive/engineer information asymmetry; terminology and candor may vary by hierarchy and culture.","Do not score the practice itself; ask what constraint it addresses and verify the resulting outcome."
"L057","Business Partner Working Agreements","2","The business partner has taken steps to revise their governance (which may be a tollgate process) to align to the development team's agile processes.","rewrite","Assumes endorsement of this statement represents organizational capability.","no explicit recall window or threshold","medium","Likely executive/engineer information asymmetry; terminology and candor may vary by hierarchy and culture.","Triangulate anonymous role-stratified responses with an artifact, event sample, or operational measure."
"L058","Business Partner Working Agreements","3","Business and Engineering form true collaborative partnership.","split-or-operationalize","Assumes endorsement of this statement represents organizational capability.","undefined evaluative or frequency term; potentially compound statement; no explicit recall window or threshold","high","Likely executive/engineer information asymmetry; terminology and candor may vary by hierarchy and culture.","Triangulate anonymous role-stratified responses with an artifact, event sample, or operational measure."
"L059","Business Partner Working Agreements","3","Engineering is a key player in driving product strategic direction, while business team leverages agile process to drive discovery and critical learning to guide business direction.","split-or-operationalize","Assumes endorsement of this statement represents organizational capability.","potentially compound statement; no explicit recall window or threshold","medium","Likely executive/engineer information asymmetry; terminology and candor may vary by hierarchy and culture.","Triangulate anonymous role-stratified responses with an artifact, event sample, or operational measure."
"L060","Release Planning","-1","Estimates are not done by the team who will be doing the work.","rewrite","Assumes endorsement of this statement represents organizational capability.","no explicit recall window or threshold","medium","Likely executive/engineer information asymmetry; terminology and candor may vary by hierarchy and culture.","Triangulate anonymous role-stratified responses with an artifact, event sample, or operational measure."
"L061","Release Planning","-1","There is no flexibility on resources, scope, or timeframe (iron triangle).","split-or-operationalize","Assumes endorsement of this statement represents organizational capability.","potentially compound statement; no explicit recall window or threshold","medium","Likely executive/engineer information asymmetry; terminology and candor may vary by hierarchy and culture.","Triangulate anonymous role-stratified responses with an artifact, event sample, or operational measure."
"L062","Release Planning","-1","The team is asked to commit without a realistic plan.","split-or-operationalize","Assumes endorsement of this statement represents organizational capability.","undefined evaluative or frequency term; no explicit recall window or threshold","high","Likely executive/engineer information asymmetry; terminology and candor may vary by hierarchy and culture.","Triangulate anonymous role-stratified responses with an artifact, event sample, or operational measure."
"L063","Release Planning","1","Only a subset of key stakeholders and functional groups are consistently involved in release planning activities.","split-or-operationalize","Assumes endorsement of this statement represents organizational capability.","potentially compound statement; absolute wording; no explicit recall window or threshold","medium","Likely executive/engineer information asymmetry; terminology and candor may vary by hierarchy and culture.","Triangulate anonymous role-stratified responses with an artifact, event sample, or operational measure."
"L064","Release Planning","1","Team capacity is considered during release planning.","rewrite","Assumes endorsement of this statement represents organizational capability.","no explicit recall window or threshold","medium","Likely executive/engineer information asymmetry; terminology and candor may vary by hierarchy and culture.","Triangulate anonymous role-stratified responses with an artifact, event sample, or operational measure."
"L065","Release Planning","1","Team velocity (if available) is considered during release planning.","remove-or-rewrite","Assumes this named Agile practice is universally desirable and belongs on a linear maturity path.","no explicit recall window or threshold","high","Likely executive/engineer information asymmetry; terminology and candor may vary by hierarchy and culture.","Do not score the practice itself; ask what constraint it addresses and verify the resulting outcome."
"L066","Release Planning","1","Planning is completed in a reasonable time and completed before the start of the next release.","split-or-operationalize","Assumes endorsement of this statement represents organizational capability.","potentially compound statement; no explicit recall window or threshold","medium","Likely executive/engineer information asymmetry; terminology and candor may vary by hierarchy and culture.","Triangulate anonymous role-stratified responses with an artifact, event sample, or operational measure."
"L067","Release Planning","1","There is an understanding that scope will change during the release as new information is discovered.","rewrite","Assumes endorsement of this statement represents organizational capability.","no explicit recall window or threshold","medium","Likely executive/engineer information asymmetry; terminology and candor may vary by hierarchy and culture.","Triangulate anonymous role-stratified responses with an artifact, event sample, or operational measure."
"L068","Release Planning","1","Risks, opportunities, and assumptions are made visible.","split-or-operationalize","Assumes endorsement of this statement represents organizational capability.","potentially compound statement; no explicit recall window or threshold","medium","Likely executive/engineer information asymmetry; terminology and candor may vary by hierarchy and culture.","Triangulate anonymous role-stratified responses with an artifact, event sample, or operational measure."
"L069","Release Planning","1","The release plan covers a time box no larger than 3 months and if larger than six weeks, includes at least 1 internal release (UAT).","split-or-operationalize","Assumes endorsement of this statement represents organizational capability.","potentially compound statement","medium","Likely executive/engineer information asymmetry; terminology and candor may vary by hierarchy and culture.","Triangulate anonymous role-stratified responses with an artifact, event sample, or operational measure."
"L070","Release Planning","1","Clear and measurable success criteria for the release have been agreed upon and documented.","split-or-operationalize","Assumes endorsement of this statement represents organizational capability.","potentially compound statement; no explicit recall window or threshold","medium","Likely executive/engineer information asymmetry; terminology and candor may vary by hierarchy and culture.","Triangulate anonymous role-stratified responses with an artifact, event sample, or operational measure."
"L071","Release Planning","1","All key stakeholders and functions are included.","split-or-operationalize","Assumes endorsement of this statement represents organizational capability.","potentially compound statement; absolute wording; no explicit recall window or threshold","medium","Likely executive/engineer information asymmetry; terminology and candor may vary by hierarchy and culture.","Triangulate anonymous role-stratified responses with an artifact, event sample, or operational measure."
"L072","Release Planning","1","Adequate slack is left in the plan to allow for discovery and risk.","split-or-operationalize","Assumes endorsement of this statement represents organizational capability.","potentially compound statement; no explicit recall window or threshold","medium","Likely executive/engineer information asymmetry; terminology and candor may vary by hierarchy and culture.","Triangulate anonymous role-stratified responses with an artifact, event sample, or operational measure."
"L073","Release Planning","2","The release plan considers historical performance beyond just velocity.","remove-or-rewrite","Assumes this named Agile practice is universally desirable and belongs on a linear maturity path.","no explicit recall window or threshold","high","Likely executive/engineer information asymmetry; terminology and candor may vary by hierarchy and culture.","Do not score the practice itself; ask what constraint it addresses and verify the resulting outcome."
"L074","Release Planning","2","The release plan is well-understood by the team and reviewed and reworked on a regular basis.","split-or-operationalize","Assumes endorsement of this statement represents organizational capability.","undefined evaluative or frequency term; potentially compound statement; no explicit recall window or threshold","high","Likely executive/engineer information asymmetry; terminology and candor may vary by hierarchy and culture.","Triangulate anonymous role-stratified responses with an artifact, event sample, or operational measure."
"L075","Release Planning","2","Just enough UX and architectural runway work for this release was done ahead of time.","split-or-operationalize","Assumes endorsement of this statement represents organizational capability.","potentially compound statement; no explicit recall window or threshold","medium","Likely executive/engineer information asymmetry; terminology and candor may vary by hierarchy and culture.","Triangulate anonymous role-stratified responses with an artifact, event sample, or operational measure."
"L076","Release Planning","3","The team and stakeholders are readily available at short notice to build or update the release plan.","split-or-operationalize","Assumes respondents can accurately report the operational condition without a defined window or data source.","potentially compound statement; no explicit recall window or threshold","medium","Likely executive/engineer information asymmetry; terminology and candor may vary by hierarchy and culture.","Verify with telemetry, records, or a sampled artifact; define product/service and time window."
"L077","Release Planning","3","The team applies the concept of MVP to advantage and is skilled at crafting a scope that answers critical questions and tests assumptions.","split-or-operationalize","Assumes endorsement of this statement represents organizational capability.","potentially compound statement; no explicit recall window or threshold","medium","Likely executive/engineer information asymmetry; terminology and candor may vary by hierarchy and culture.","Triangulate anonymous role-stratified responses with an artifact, event sample, or operational measure."
"L078","Business Goals & Objectives","-1","Vague expressions of need received from the business.","rewrite","Assumes endorsement of this statement represents organizational capability.","no explicit recall window or threshold","medium","Likely executive/engineer information asymmetry; terminology and candor may vary by hierarchy and culture.","Triangulate anonymous role-stratified responses with an artifact, event sample, or operational measure."
"L079","Business Goals & Objectives","-1","The business is not bought into our methodology around requirements definition.","rewrite","Assumes endorsement of this statement represents organizational capability.","no explicit recall window or threshold","medium","Likely executive/engineer information asymmetry; terminology and candor may vary by hierarchy and culture.","Triangulate anonymous role-stratified responses with an artifact, event sample, or operational measure."
"L080","Business Goals & Objectives","1","There are less than 20 high level goals.","rewrite","Assumes endorsement of this statement represents organizational capability.","no explicit recall window or threshold","medium","Likely executive/engineer information asymmetry; terminology and candor may vary by hierarchy and culture.","Triangulate anonymous role-stratified responses with an artifact, event sample, or operational measure."
"L081","Business Goals & Objectives","1","Goals map back to users and their problems.","split-or-operationalize","Assumes endorsement of this statement represents organizational capability.","potentially compound statement; no explicit recall window or threshold","medium","Likely executive/engineer information asymmetry; terminology and candor may vary by hierarchy and culture.","Triangulate anonymous role-stratified responses with an artifact, event sample, or operational measure."
"L082","Business Goals & Objectives","1","Goals have metrics (KPI's) that will prove business value delivered.","retain-as-evidence-prompt","Assumes respondents can accurately report the operational condition without a defined window or data source.","no explicit recall window or threshold","medium","Likely executive/engineer information asymmetry; terminology and candor may vary by hierarchy and culture.","Verify with telemetry, records, or a sampled artifact; define product/service and time window."
"L083","Business Goals & Objectives","1","There are less than 12 high level goals.","rewrite","Assumes endorsement of this statement represents organizational capability.","no explicit recall window or threshold","medium","Likely executive/engineer information asymmetry; terminology and candor may vary by hierarchy and culture.","Triangulate anonymous role-stratified responses with an artifact, event sample, or operational measure."
"L084","Business Goals & Objectives","1","Relative prioritization of the business goals and objectives is in place.","split-or-operationalize","Assumes endorsement of this statement represents organizational capability.","potentially compound statement; no explicit recall window or threshold","medium","Likely executive/engineer information asymmetry; terminology and candor may vary by hierarchy and culture.","Triangulate anonymous role-stratified responses with an artifact, event sample, or operational measure."
"L085","Business Goals & Objectives","1","There is clear traceability from business goals to the release backlog.","remove-or-rewrite","Assumes this named Agile practice is universally desirable and belongs on a linear maturity path.","no explicit recall window or threshold","high","Likely executive/engineer information asymmetry; terminology and candor may vary by hierarchy and culture.","Do not score the practice itself; ask what constraint it addresses and verify the resulting outcome."
"L086","Business Goals & Objectives","1","Business goals are revisited after each deployment, reviewed and updated.","split-or-operationalize","Assumes endorsement of this statement represents organizational capability.","potentially compound statement; no explicit recall window or threshold","medium","Likely executive/engineer information asymmetry; terminology and candor may vary by hierarchy and culture.","Triangulate anonymous role-stratified responses with an artifact, event sample, or operational measure."
"L087","Business Goals & Objectives","2","The business goals have acceptance criteria.","rewrite","Assumes endorsement of this statement represents organizational capability.","no explicit recall window or threshold","medium","Likely executive/engineer information asymmetry; terminology and candor may vary by hierarchy and culture.","Triangulate anonymous role-stratified responses with an artifact, event sample, or operational measure."
"L088","Business Goals & Objectives","2","User needs, problem statements, and goals have been validated through structured experimentation.","split-or-operationalize","Assumes endorsement of this statement represents organizational capability.","potentially compound statement; no explicit recall window or threshold","medium","Likely executive/engineer information asymmetry; terminology and candor may vary by hierarchy and culture.","Triangulate anonymous role-stratified responses with an artifact, event sample, or operational measure."
"L089","Business Goals & Objectives","2","Team seeks ways to evaluate the KPI's as soon as reasonably possible after deployment.","rewrite","Assumes endorsement of this statement represents organizational capability.","no explicit recall window or threshold","medium","Likely executive/engineer information asymmetry; terminology and candor may vary by hierarchy and culture.","Triangulate anonymous role-stratified responses with an artifact, event sample, or operational measure."
"L090","Business Goals & Objectives","3","The business goals have customer success criteria.","retain-as-evidence-prompt","Assumes respondents can accurately report the operational condition without a defined window or data source.","no explicit recall window or threshold","medium","Likely executive/engineer information asymmetry; terminology and candor may vary by hierarchy and culture.","Verify with telemetry, records, or a sampled artifact; define product/service and time window."
"L091","Business Goals & Objectives","3","There is fluid collaboration between the team and the business.","split-or-operationalize","Assumes endorsement of this statement represents organizational capability.","potentially compound statement; no explicit recall window or threshold","medium","Likely executive/engineer information asymmetry; terminology and candor may vary by hierarchy and culture.","Triangulate anonymous role-stratified responses with an artifact, event sample, or operational measure."
"L092","Business Goals & Objectives","3","The business has supplied one or more people who are experts in the problem domain.","split-or-operationalize","Assumes endorsement of this statement represents organizational capability.","potentially compound statement; no explicit recall window or threshold","medium","Likely executive/engineer information asymmetry; terminology and candor may vary by hierarchy and culture.","Triangulate anonymous role-stratified responses with an artifact, event sample, or operational measure."
"L093","Business Goals & Objectives","3","The engineering and business partnership is flexible to adapt to emergent requirements and needs.","split-or-operationalize","Assumes endorsement of this statement represents organizational capability.","potentially compound statement; no explicit recall window or threshold","medium","Likely executive/engineer information asymmetry; terminology and candor may vary by hierarchy and culture.","Triangulate anonymous role-stratified responses with an artifact, event sample, or operational measure."
"L094","Business Goals & Objectives","3","Timely specification documents are created and revised so that external stakeholders are informed.","split-or-operationalize","Assumes endorsement of this statement represents organizational capability.","potentially compound statement; no explicit recall window or threshold","medium","Likely executive/engineer information asymmetry; terminology and candor may vary by hierarchy and culture.","Triangulate anonymous role-stratified responses with an artifact, event sample, or operational measure."
"L095","Business Goals & Objectives","3","This document could have the capability of linking the specification to the working application in an automated fashion.","rewrite","Assumes endorsement of this statement represents organizational capability.","no explicit recall window or threshold","medium","Likely executive/engineer information asymmetry; terminology and candor may vary by hierarchy and culture.","Triangulate anonymous role-stratified responses with an artifact, event sample, or operational measure."
"L096","User Stories","-1","Development work is driven by large requirements documents.","rewrite","Assumes endorsement of this statement represents organizational capability.","no explicit recall window or threshold","medium","Likely executive/engineer information asymmetry; terminology and candor may vary by hierarchy and culture.","Triangulate anonymous role-stratified responses with an artifact, event sample, or operational measure."
"L097","User Stories","-1","Development work isplanned out 6 months in advance or longer.","split-or-operationalize","Assumes endorsement of this statement represents organizational capability.","potentially compound statement","medium","Likely executive/engineer information asymmetry; terminology and candor may vary by hierarchy and culture.","Triangulate anonymous role-stratified responses with an artifact, event sample, or operational measure."
"L098","User Stories","-1","Development work issplit along process lines orfunctional areas, e.g., design, code, test, integrate, architect, UX etc.","retain-as-evidence-prompt","Assumes respondents can accurately report the operational condition without a defined window or data source.","no explicit recall window or threshold","medium","Likely executive/engineer information asymmetry; terminology and candor may vary by hierarchy and culture.","Verify with telemetry, records, or a sampled artifact; define product/service and time window."
"L099","User Stories","-1","Development work issplit along architectural lines, e.g., UI, database, data access layer, etc.","rewrite","Assumes endorsement of this statement represents organizational capability.","no explicit recall window or threshold","medium","Likely executive/engineer information asymmetry; terminology and candor may vary by hierarchy and culture.","Triangulate anonymous role-stratified responses with an artifact, event sample, or operational measure."
"L100","User Stories","1","User stories include 'end user' aspect.","rewrite","Assumes endorsement of this statement represents organizational capability.","no explicit recall window or threshold","medium","Likely executive/engineer information asymmetry; terminology and candor may vary by hierarchy and culture.","Triangulate anonymous role-stratified responses with an artifact, event sample, or operational measure."
"L101","User Stories","1","User stories can all be easily foundin one place.","rewrite","Assumes endorsement of this statement represents organizational capability.","absolute wording; no explicit recall window or threshold","medium","Likely executive/engineer information asymmetry; terminology and candor may vary by hierarchy and culture.","Triangulate anonymous role-stratified responses with an artifact, event sample, or operational measure."
"L102","User Stories","1","User stories areordered by priority in a backlog.","remove-or-rewrite","Assumes this named Agile practice is universally desirable and belongs on a linear maturity path.","no explicit recall window or threshold","high","Likely executive/engineer information asymmetry; terminology and candor may vary by hierarchy and culture.","Do not score the practice itself; ask what constraint it addresses and verify the resulting outcome."
"L103","User Stories","1","User stories are sized or estimated. (E in INVEST)","split-or-operationalize","Assumes endorsement of this statement represents organizational capability.","potentially compound statement; no explicit recall window or threshold","medium","Likely executive/engineer information asymmetry; terminology and candor may vary by hierarchy and culture.","Triangulate anonymous role-stratified responses with an artifact, event sample, or operational measure."
"L104","User Stories","1","User stories define a complete vertical slice of functionality. (I in INVEST)","rewrite","Assumes endorsement of this statement represents organizational capability.","no explicit recall window or threshold","medium","Likely executive/engineer information asymmetry; terminology and candor may vary by hierarchy and culture.","Triangulate anonymous role-stratified responses with an artifact, event sample, or operational measure."
"L105","User Stories","1","User stories contain acceptance criteria. (T in INVEST)","rewrite","Assumes endorsement of this statement represents organizational capability.","no explicit recall window or threshold","medium","Likely executive/engineer information asymmetry; terminology and candor may vary by hierarchy and culture.","Triangulate anonymous role-stratified responses with an artifact, event sample, or operational measure."
"L106","User Stories","1","User stories are a starting point for a conversation and there is evidence that the team refines or rewrites user stories. (N in INVEST)","split-or-operationalize","Assumes endorsement of this statement represents organizational capability.","potentially compound statement; no explicit recall window or threshold","medium","Likely executive/engineer information asymmetry; terminology and candor may vary by hierarchy and culture.","Triangulate anonymous role-stratified responses with an artifact, event sample, or operational measure."
"L107","User Stories","1","User stories have a narrative around business value. (V in INVEST)","retain-as-evidence-prompt","Assumes respondents can accurately report the operational condition without a defined window or data source.","no explicit recall window or threshold","medium","Likely executive/engineer information asymmetry; terminology and candor may vary by hierarchy and culture.","Verify with telemetry, records, or a sampled artifact; define product/service and time window."
"L108","User Stories","1","User stories are all small enough to be finished in a sprint. (S in INVEST)","remove-or-rewrite","Assumes this named Agile practice is universally desirable and belongs on a linear maturity path.","absolute wording; no explicit recall window or threshold","high","Likely executive/engineer information asymmetry; terminology and candor may vary by hierarchy and culture.","Do not score the practice itself; ask what constraint it addresses and verify the resulting outcome."
"L109","User Stories","1","User storiesfollow a standard form such as 'In order to <business value description>, As a <persona>, I want <feature>.","retain-as-evidence-prompt","Assumes respondents can accurately report the operational condition without a defined window or data source.","no explicit recall window or threshold","medium","Likely executive/engineer information asymmetry; terminology and candor may vary by hierarchy and culture.","Verify with telemetry, records, or a sampled artifact; define product/service and time window."
"L110","User Stories","1","User story development is driven by collaborative lightweight artifacts (e.g. lo-fi prototypes, story mapping).","rewrite","Assumes endorsement of this statement represents organizational capability.","no explicit recall window or threshold","medium","Likely executive/engineer information asymmetry; terminology and candor may vary by hierarchy and culture.","Triangulate anonymous role-stratified responses with an artifact, event sample, or operational measure."
"L111","User Stories","1","User stories represent an agreement between the Product Owner (business, customer) and the development team.","split-or-operationalize","Assumes respondents can accurately report the operational condition without a defined window or data source.","potentially compound statement; no explicit recall window or threshold","medium","Likely executive/engineer information asymmetry; terminology and candor may vary by hierarchy and culture.","Verify with telemetry, records, or a sampled artifact; define product/service and time window."
"L112","User Stories","2","User story acceptance criteriafollow a BDD approach an example of which can be found in the Gherkin syntax(https://cucumber.io/docs/gherkin/).","rewrite","Assumes endorsement of this statement represents organizational capability.","no explicit recall window or threshold","medium","Likely executive/engineer information asymmetry; terminology and candor may vary by hierarchy and culture.","Triangulate anonymous role-stratified responses with an artifact, event sample, or operational measure."
"L113","User Stories","2","Multiple scenarios are included in acceptance criteria including success conditions, failure modes and edge cases.","split-or-operationalize","Assumes respondents can accurately report the operational condition without a defined window or data source.","potentially compound statement; no explicit recall window or threshold","medium","Likely executive/engineer information asymmetry; terminology and candor may vary by hierarchy and culture.","Verify with telemetry, records, or a sampled artifact; define product/service and time window."
"L114","User Stories","2","All user stories are traceable back to the vision and business goals & objectives.","split-or-operationalize","Assumes endorsement of this statement represents organizational capability.","potentially compound statement; absolute wording; no explicit recall window or threshold","medium","Likely executive/engineer information asymmetry; terminology and candor may vary by hierarchy and culture.","Triangulate anonymous role-stratified responses with an artifact, event sample, or operational measure."
"L115","User Stories","3","Other stakeholders and users are brought into the discussion whenever needed to develop user stories.","split-or-operationalize","Assumes endorsement of this statement represents organizational capability.","potentially compound statement; no explicit recall window or threshold","medium","Likely executive/engineer information asymmetry; terminology and candor may vary by hierarchy and culture.","Triangulate anonymous role-stratified responses with an artifact, event sample, or operational measure."
"L116","Information Radiators Ensure visibility of valuable project status indicators","-1","No project status information of any kind is posted in the (physical or digital) team area.","split-or-operationalize","Assumes endorsement of this statement represents organizational capability.","potentially compound statement; no explicit recall window or threshold","medium","Likely executive/engineer information asymmetry; terminology and candor may vary by hierarchy and culture.","Triangulate anonymous role-stratified responses with an artifact, event sample, or operational measure."
"L117","Information Radiators Ensure visibility of valuable project status indicators","1","Project status details are available in the (physical or digital) team area.","split-or-operationalize","Assumes endorsement of this statement represents organizational capability.","potentially compound statement; no explicit recall window or threshold","medium","Likely executive/engineer information asymmetry; terminology and candor may vary by hierarchy and culture.","Triangulate anonymous role-stratified responses with an artifact, event sample, or operational measure."
"L118","Information Radiators Ensure visibility of valuable project status indicators","1","Information radiators are up-to-date.","rewrite","Assumes endorsement of this statement represents organizational capability.","no explicit recall window or threshold","medium","Likely executive/engineer information asymmetry; terminology and candor may vary by hierarchy and culture.","Triangulate anonymous role-stratified responses with an artifact, event sample, or operational measure."
"L119","Information Radiators Ensure visibility of valuable project status indicators","1","At least one of the following valuable project status indicators is available to the team AND to in-house visitors:Release Plan & Road BlocksBurn Up & VelocityStory Card WallUnit Test & Acceptance Test CoverageCI Metrics","split-or-operationalize","Assumes respondents can accurately report the operational condition without a defined window or data source.","undefined evaluative or frequency term; potentially compound statement; no explicit recall window or threshold","high","Likely executive/engineer information asymmetry; terminology and candor may vary by hierarchy and culture.","Verify with telemetry, records, or a sampled artifact; define product/service and time window."
"L120","Information Radiators Ensure visibility of valuable project status indicators","2","Team decides what is visible.","rewrite","Assumes endorsement of this statement represents organizational capability.","no explicit recall window or threshold","medium","Likely executive/engineer information asymmetry; terminology and candor may vary by hierarchy and culture.","Triangulate anonymous role-stratified responses with an artifact, event sample, or operational measure."
"L121","Information Radiators Ensure visibility of valuable project status indicators","2","Some advanced examples of information radiators are used - like for instance;Flow of information is centered around the workspace. The walls should tell a story to the team and customerCharts track everything from future product requests to fully-tested stories","split-or-operationalize","Assumes endorsement of this statement represents organizational capability.","potentially compound statement; no explicit recall window or threshold","medium","Likely executive/engineer information asymmetry; terminology and candor may vary by hierarchy and culture.","Triangulate anonymous role-stratified responses with an artifact, event sample, or operational measure."
"L122","Information Radiators Ensure visibility of valuable project status indicators","2","Other charts are available and accurate - may include;Organizational Value stream mapProgram Demand ManagementPersonas / Persona Maps","split-or-operationalize","Assumes endorsement of this statement represents organizational capability.","potentially compound statement; no explicit recall window or threshold","medium","Likely executive/engineer information asymmetry; terminology and candor may vary by hierarchy and culture.","Triangulate anonymous role-stratified responses with an artifact, event sample, or operational measure."
"L123","Information Radiators Ensure visibility of valuable project status indicators","3","Information radiators are dynamic and evolve based on team needs, integrating real-time metrics, customer feedback, and system health in a way that drives daily decisions and continuous improvement.","split-or-operationalize","Assumes respondents can accurately report the operational condition without a defined window or data source.","potentially compound statement; no explicit recall window or threshold","medium","Likely executive/engineer information asymmetry; terminology and candor may vary by hierarchy and culture.","Verify with telemetry, records, or a sampled artifact; define product/service and time window."
"L124","Learning and Development","-1","The only learning is mandated corporate learning.","rewrite","Assumes endorsement of this statement represents organizational capability.","absolute wording; no explicit recall window or threshold","medium","Likely executive/engineer information asymmetry; terminology and candor may vary by hierarchy and culture.","Triangulate anonymous role-stratified responses with an artifact, event sample, or operational measure."
"L125","Learning and Development","1","There is budget available for learning and development.","split-or-operationalize","Assumes endorsement of this statement represents organizational capability.","potentially compound statement; no explicit recall window or threshold","medium","Likely executive/engineer information asymmetry; terminology and candor may vary by hierarchy and culture.","Triangulate anonymous role-stratified responses with an artifact, event sample, or operational measure."
"L126","Learning and Development","1","Both management and team values learning and development.","split-or-operationalize","Assumes endorsement of this statement represents organizational capability.","potentially compound statement; no explicit recall window or threshold","medium","Likely executive/engineer information asymmetry; terminology and candor may vary by hierarchy and culture.","Triangulate anonymous role-stratified responses with an artifact, event sample, or operational measure."
"L127","Learning and Development","1","There is some level of team self-organized and self-motivated learning.","split-or-operationalize","Assumes endorsement of this statement represents organizational capability.","potentially compound statement; no explicit recall window or threshold","medium","Likely executive/engineer information asymmetry; terminology and candor may vary by hierarchy and culture.","Triangulate anonymous role-stratified responses with an artifact, event sample, or operational measure."
"L128","Learning and Development","1","Opportunities are taken by team members to learn from each other and knowledge share.","split-or-operationalize","Assumes endorsement of this statement represents organizational capability.","potentially compound statement; no explicit recall window or threshold","medium","Likely executive/engineer information asymmetry; terminology and candor may vary by hierarchy and culture.","Triangulate anonymous role-stratified responses with an artifact, event sample, or operational measure."
"L129","Learning and Development","1","Learning and development takes place even when teams are stretched or understaffed.","split-or-operationalize","Assumes endorsement of this statement represents organizational capability.","potentially compound statement; no explicit recall window or threshold","medium","Likely executive/engineer information asymmetry; terminology and candor may vary by hierarchy and culture.","Triangulate anonymous role-stratified responses with an artifact, event sample, or operational measure."
"L130","Learning and Development","1","Team owns budget and decides how to invest in learning and development.","split-or-operationalize","Assumes endorsement of this statement represents organizational capability.","potentially compound statement; no explicit recall window or threshold","medium","Likely executive/engineer information asymmetry; terminology and candor may vary by hierarchy and culture.","Triangulate anonymous role-stratified responses with an artifact, event sample, or operational measure."
"L131","Learning and Development","1","Majority of team are involved when a learning & development activity takes place.","rewrite","Assumes endorsement of this statement represents organizational capability.","no explicit recall window or threshold","medium","Likely executive/engineer information asymmetry; terminology and candor may vary by hierarchy and culture.","Triangulate anonymous role-stratified responses with an artifact, event sample, or operational measure."
"L132","Learning and Development","1","Learning and development is included in OKRs.","split-or-operationalize","Assumes endorsement of this statement represents organizational capability.","potentially compound statement; no explicit recall window or threshold","medium","Likely executive/engineer information asymmetry; terminology and candor may vary by hierarchy and culture.","Triangulate anonymous role-stratified responses with an artifact, event sample, or operational measure."
"L133","Learning and Development","1","Attendance at conferences, meetups, and other Socratic forums is encouraged and sponsored.","split-or-operationalize","Assumes endorsement of this statement represents organizational capability.","potentially compound statement; no explicit recall window or threshold","medium","Likely executive/engineer information asymmetry; terminology and candor may vary by hierarchy and culture.","Triangulate anonymous role-stratified responses with an artifact, event sample, or operational measure."
"L134","Learning and Development","1","Majority of team is involved in deciding topics and developing content for learning and development.","split-or-operationalize","Assumes endorsement of this statement represents organizational capability.","potentially compound statement; no explicit recall window or threshold","medium","Likely executive/engineer information asymmetry; terminology and candor may vary by hierarchy and culture.","Triangulate anonymous role-stratified responses with an artifact, event sample, or operational measure."
"L135","Learning and Development","2","Team shares learning and development information on the team wiki.","split-or-operationalize","Assumes endorsement of this statement represents organizational capability.","potentially compound statement; no explicit recall window or threshold","medium","Likely executive/engineer information asymmetry; terminology and candor may vary by hierarchy and culture.","Triangulate anonymous role-stratified responses with an artifact, event sample, or operational measure."
"L136","Learning and Development","2","Team makes use of local communities for learning and development.","split-or-operationalize","Assumes endorsement of this statement represents organizational capability.","potentially compound statement; no explicit recall window or threshold","medium","Likely executive/engineer information asymmetry; terminology and candor may vary by hierarchy and culture.","Triangulate anonymous role-stratified responses with an artifact, event sample, or operational measure."
"L137","Learning and Development","2","Learning groups go beyond team members and include members from management.","split-or-operationalize","Assumes endorsement of this statement represents organizational capability.","potentially compound statement; no explicit recall window or threshold","medium","Likely executive/engineer information asymmetry; terminology and candor may vary by hierarchy and culture.","Triangulate anonymous role-stratified responses with an artifact, event sample, or operational measure."
"L138","Learning and Development","3","The team holds regular (weekly) learning events.","rewrite","Assumes endorsement of this statement represents organizational capability.","no explicit recall window or threshold","medium","Likely executive/engineer information asymmetry; terminology and candor may vary by hierarchy and culture.","Triangulate anonymous role-stratified responses with an artifact, event sample, or operational measure."
"L139","Sprint Planning","-1","Sprint planning is a long meeting >5% of a sprint duration) that includes backlog grooming, narrative writing, estimation, capacity planning and/or other context setting activities.","remove-or-rewrite","Assumes this named Agile practice is universally desirable and belongs on a linear maturity path.","potentially compound statement; no explicit recall window or threshold","high","Likely executive/engineer information asymmetry; terminology and candor may vary by hierarchy and culture.","Do not score the practice itself; ask what constraint it addresses and verify the resulting outcome."
"L140","Sprint Planning","-1","Attempts are made to plan a sprint day by day or per team member.","remove-or-rewrite","Assumes this named Agile practice is universally desirable and belongs on a linear maturity path.","potentially compound statement","high","Likely executive/engineer information asymmetry; terminology and candor may vary by hierarchy and culture.","Do not score the practice itself; ask what constraint it addresses and verify the resulting outcome."
"L141","Sprint Planning","-1","The team is handed a commitment.","rewrite","Assumes endorsement of this statement represents organizational capability.","no explicit recall window or threshold","medium","Likely executive/engineer information asymmetry; terminology and candor may vary by hierarchy and culture.","Triangulate anonymous role-stratified responses with an artifact, event sample, or operational measure."
"L142","Sprint Planning","1","Sprint Planning always takes place.","remove-or-rewrite","Assumes this named Agile practice is universally desirable and belongs on a linear maturity path.","absolute wording; no explicit recall window or threshold","high","Likely executive/engineer information asymmetry; terminology and candor may vary by hierarchy and culture.","Do not score the practice itself; ask what constraint it addresses and verify the resulting outcome."
"L143","Sprint Planning","1","Product owner participates in the planning.","rewrite","Assumes endorsement of this statement represents organizational capability.","no explicit recall window or threshold","medium","Likely executive/engineer information asymmetry; terminology and candor may vary by hierarchy and culture.","Triangulate anonymous role-stratified responses with an artifact, event sample, or operational measure."
"L144","Sprint Planning","1","Team members gain valuable direction from Sprint Planning.","remove-or-rewrite","Assumes this named Agile practice is universally desirable and belongs on a linear maturity path.","undefined evaluative or frequency term; no explicit recall window or threshold","high","Likely executive/engineer information asymmetry; terminology and candor may vary by hierarchy and culture.","Do not score the practice itself; ask what constraint it addresses and verify the resulting outcome."
"L145","Sprint Planning","1","All user stories meet the definition of ready prior to the start of the sprint.","remove-or-rewrite","Assumes this named Agile practice is universally desirable and belongs on a linear maturity path.","absolute wording; no explicit recall window or threshold","high","Likely executive/engineer information asymmetry; terminology and candor may vary by hierarchy and culture.","Do not score the practice itself; ask what constraint it addresses and verify the resulting outcome."
"L146","Sprint Planning","1","User stories are tasked out (if necessary) in the sprint planning meeting.","remove-or-rewrite","Assumes this named Agile practice is universally desirable and belongs on a linear maturity path.","no explicit recall window or threshold","high","Likely executive/engineer information asymmetry; terminology and candor may vary by hierarchy and culture.","Do not score the practice itself; ask what constraint it addresses and verify the resulting outcome."
"L147","Sprint Planning","1","Team makes their own commitments for the sprint based on velocity and capacity planning.","remove-or-rewrite","Assumes this named Agile practice is universally desirable and belongs on a linear maturity path.","potentially compound statement; no explicit recall window or threshold","high","Likely executive/engineer information asymmetry; terminology and candor may vary by hierarchy and culture.","Do not score the practice itself; ask what constraint it addresses and verify the resulting outcome."
"L148","Sprint Planning","1","The team has a shared agreement on the achievable scope of work plan for the sprint.","remove-or-rewrite","Assumes this named Agile practice is universally desirable and belongs on a linear maturity path.","no explicit recall window or threshold","high","Likely executive/engineer information asymmetry; terminology and candor may vary by hierarchy and culture.","Do not score the practice itself; ask what constraint it addresses and verify the resulting outcome."
"L149","Sprint Planning","2","Sprint planning is a short event where team comes together to get a go/no-go decision on stories.","remove-or-rewrite","Assumes this named Agile practice is universally desirable and belongs on a linear maturity path.","no explicit recall window or threshold","high","Likely executive/engineer information asymmetry; terminology and candor may vary by hierarchy and culture.","Do not score the practice itself; ask what constraint it addresses and verify the resulting outcome."
"L150","Sprint Planning","2","Acceptance criteria and assumptions are revisited and tasks are highlighted as a reminder.","split-or-operationalize","Assumes endorsement of this statement represents organizational capability.","potentially compound statement; no explicit recall window or threshold","medium","Likely executive/engineer information asymmetry; terminology and candor may vary by hierarchy and culture.","Triangulate anonymous role-stratified responses with an artifact, event sample, or operational measure."
"L151","Sprint Planning","2","The focus of planning shifts from the team to product owners and the business to prioritize the next set of user stories.","split-or-operationalize","Assumes endorsement of this statement represents organizational capability.","potentially compound statement; no explicit recall window or threshold","medium","Likely executive/engineer information asymmetry; terminology and candor may vary by hierarchy and culture.","Triangulate anonymous role-stratified responses with an artifact, event sample, or operational measure."
"L152","Sprint Planning","3","Planning is real-time based on a blue-print of an agile release plan.","rewrite","Assumes endorsement of this statement represents organizational capability.","no explicit recall window or threshold","medium","Likely executive/engineer information asymmetry; terminology and candor may vary by hierarchy and culture.","Triangulate anonymous role-stratified responses with an artifact, event sample, or operational measure."
"L153","Sprint Planning","3","Intent behind planning is not team commitment but adaptive change, balancing business value with cost and time.","split-or-operationalize","Assumes respondents can accurately report the operational condition without a defined window or data source.","potentially compound statement; no explicit recall window or threshold","medium","Likely executive/engineer information asymmetry; terminology and candor may vary by hierarchy and culture.","Verify with telemetry, records, or a sampled artifact; define product/service and time window."
"L154","Backlog Refinement","-1","There is no meeting to refine the backlog.","remove-or-rewrite","Assumes this named Agile practice is universally desirable and belongs on a linear maturity path.","no explicit recall window or threshold","high","Likely executive/engineer information asymmetry; terminology and candor may vary by hierarchy and culture.","Do not score the practice itself; ask what constraint it addresses and verify the resulting outcome."
"L155","Backlog Refinement","1","The three amigos sometimes meet to refine the backlog.","remove-or-rewrite","Assumes this named Agile practice is universally desirable and belongs on a linear maturity path.","no explicit recall window or threshold","high","Likely executive/engineer information asymmetry; terminology and candor may vary by hierarchy and culture.","Do not score the practice itself; ask what constraint it addresses and verify the resulting outcome."
"L156","Backlog Refinement","1","The three amigos always meet to refine the backlog.","remove-or-rewrite","Assumes this named Agile practice is universally desirable and belongs on a linear maturity path.","absolute wording; no explicit recall window or threshold","high","Likely executive/engineer information asymmetry; terminology and candor may vary by hierarchy and culture.","Do not score the practice itself; ask what constraint it addresses and verify the resulting outcome."
"L157","Backlog Refinement","1","Sufficient work is done during the Backlog Refinement meeting (and perhaps afterward) so that stories for Sprint Planning generally meet most INVEST criteria and have well-understood acceptance criteria so that the team considers them ""ready"".","remove-or-rewrite","Assumes this named Agile practice is universally desirable and belongs on a linear maturity path.","undefined evaluative or frequency term; potentially compound statement; no explicit recall window or threshold","high","Likely executive/engineer information asymmetry; terminology and candor may vary by hierarchy and culture.","Do not score the practice itself; ask what constraint it addresses and verify the resulting outcome."
"L158","Backlog Refinement","2","By the end of the Backlog Refinement meeting all stories pre-positioned for the coming sprint have sufficient definition and acceptance criteria so that the team considers them ""ready"".","remove-or-rewrite","Assumes this named Agile practice is universally desirable and belongs on a linear maturity path.","potentially compound statement; absolute wording; no explicit recall window or threshold","high","Likely executive/engineer information asymmetry; terminology and candor may vary by hierarchy and culture.","Do not score the practice itself; ask what constraint it addresses and verify the resulting outcome."
"L159","Backlog Refinement","2","Work on defining stories for the next release(s) sometimes occurs.","rewrite","Assumes endorsement of this statement represents organizational capability.","no explicit recall window or threshold","medium","Likely executive/engineer information asymmetry; terminology and candor may vary by hierarchy and culture.","Triangulate anonymous role-stratified responses with an artifact, event sample, or operational measure."
"L160","Backlog Refinement","3","By the end of the Backlog Refinement meeting all stories pre-positioned for the coming sprint have Gherkin (or other behavioral specification) acceptance criteria and the team considers them ""ready"".","remove-or-rewrite","Assumes this named Agile practice is universally desirable and belongs on a linear maturity path.","potentially compound statement; absolute wording; no explicit recall window or threshold","high","Likely executive/engineer information asymmetry; terminology and candor may vary by hierarchy and culture.","Do not score the practice itself; ask what constraint it addresses and verify the resulting outcome."
"L161","Backlog Refinement","3","Work on defining stories and story maps for the next release(s) occurs regularly enough that additional events for epic decomposition, story writing and mapping is not required prior to Release Planning (regular in-the-flow-of-the-day collaboration on stories is not an additional event).","split-or-operationalize","Assumes endorsement of this statement represents organizational capability.","potentially compound statement","medium","Likely executive/engineer information asymmetry; terminology and candor may vary by hierarchy and culture.","Triangulate anonymous role-stratified responses with an artifact, event sample, or operational measure."
"L162","Daily Standup","-1","Stand-ups are frequently monopolized by individuals or hijacked by management.","split-or-operationalize","Assumes endorsement of this statement represents organizational capability.","undefined evaluative or frequency term; potentially compound statement; no explicit recall window or threshold","high","Likely executive/engineer information asymmetry; terminology and candor may vary by hierarchy and culture.","Triangulate anonymous role-stratified responses with an artifact, event sample, or operational measure."
"L163","Daily Standup","-1","Standup is used to update the team board causing longer meetings.","remove-or-rewrite","Assumes this named Agile practice is universally desirable and belongs on a linear maturity path.","no explicit recall window or threshold","high","Likely executive/engineer information asymmetry; terminology and candor may vary by hierarchy and culture.","Do not score the practice itself; ask what constraint it addresses and verify the resulting outcome."
"L164","Daily Standup","-1","The standup is not attended on time.","remove-or-rewrite","Assumes this named Agile practice is universally desirable and belongs on a linear maturity path.","no explicit recall window or threshold","high","Likely executive/engineer information asymmetry; terminology and candor may vary by hierarchy and culture.","Do not score the practice itself; ask what constraint it addresses and verify the resulting outcome."
"L165","Daily Standup","1","Team members highlight what they did yesterday, what they will do today.","rewrite","Assumes endorsement of this statement represents organizational capability.","no explicit recall window or threshold","medium","Likely executive/engineer information asymmetry; terminology and candor may vary by hierarchy and culture.","Triangulate anonymous role-stratified responses with an artifact, event sample, or operational measure."
"L166","Daily Standup","1","Team members highlight any impediments/blockers.","rewrite","Assumes endorsement of this statement represents organizational capability.","no explicit recall window or threshold","medium","Likely executive/engineer information asymmetry; terminology and candor may vary by hierarchy and culture.","Triangulate anonymous role-stratified responses with an artifact, event sample, or operational measure."
"L167","Daily Standup","1","Highlights are related to the sprint backlog.","remove-or-rewrite","Assumes this named Agile practice is universally desirable and belongs on a linear maturity path.","no explicit recall window or threshold","high","Likely executive/engineer information asymmetry; terminology and candor may vary by hierarchy and culture.","Do not score the practice itself; ask what constraint it addresses and verify the resulting outcome."
"L168","Daily Standup","1","Team avoids using Daily Standup to solve problems.","remove-or-rewrite","Assumes this named Agile practice is universally desirable and belongs on a linear maturity path.","no explicit recall window or threshold","high","Likely executive/engineer information asymmetry; terminology and candor may vary by hierarchy and culture.","Do not score the practice itself; ask what constraint it addresses and verify the resulting outcome."
"L169","Daily Standup","1","Standups are completed in an average of < 15 mins.","rewrite","Assumes endorsement of this statement represents organizational capability.","no explicit recall window or threshold","medium","Likely executive/engineer information asymmetry; terminology and candor may vary by hierarchy and culture.","Triangulate anonymous role-stratified responses with an artifact, event sample, or operational measure."
"L170","Daily Standup","1","The full team turns up on time.","rewrite","Assumes endorsement of this statement represents organizational capability.","no explicit recall window or threshold","medium","Likely executive/engineer information asymmetry; terminology and candor may vary by hierarchy and culture.","Triangulate anonymous role-stratified responses with an artifact, event sample, or operational measure."
"L171","Daily Standup","1","Problem solving is taken outside of the standup.","remove-or-rewrite","Assumes this named Agile practice is universally desirable and belongs on a linear maturity path.","no explicit recall window or threshold","high","Likely executive/engineer information asymmetry; terminology and candor may vary by hierarchy and culture.","Do not score the practice itself; ask what constraint it addresses and verify the resulting outcome."
"L172","Daily Standup","1","Someone will stop conversations from going down 'rat holes'.","rewrite","Assumes endorsement of this statement represents organizational capability.","no explicit recall window or threshold","medium","Likely executive/engineer information asymmetry; terminology and candor may vary by hierarchy and culture.","Triangulate anonymous role-stratified responses with an artifact, event sample, or operational measure."
"L173","Daily Standup","1","Stand ups are always completed in 15 mins.","rewrite","Assumes endorsement of this statement represents organizational capability.","absolute wording; no explicit recall window or threshold","medium","Likely executive/engineer information asymmetry; terminology and candor may vary by hierarchy and culture.","Triangulate anonymous role-stratified responses with an artifact, event sample, or operational measure."
"L174","Daily Standup","2","Team has improved stand ups through the retrospective process.","rewrite","Assumes endorsement of this statement represents organizational capability.","no explicit recall window or threshold","medium","Likely executive/engineer information asymmetry; terminology and candor may vary by hierarchy and culture.","Triangulate anonymous role-stratified responses with an artifact, event sample, or operational measure."
"L175","Daily Standup","2","Standup is self-facilitated by the team.","remove-or-rewrite","Assumes this named Agile practice is universally desirable and belongs on a linear maturity path.","no explicit recall window or threshold","high","Likely executive/engineer information asymmetry; terminology and candor may vary by hierarchy and culture.","Do not score the practice itself; ask what constraint it addresses and verify the resulting outcome."
"L176","Daily Standup","3","Team has reinvented the daily standup to fit their circumstances to better enable fast feedback and adaption of plans.","remove-or-rewrite","Assumes this named Agile practice is universally desirable and belongs on a linear maturity path.","potentially compound statement; no explicit recall window or threshold","high","Likely executive/engineer information asymmetry; terminology and candor may vary by hierarchy and culture.","Do not score the practice itself; ask what constraint it addresses and verify the resulting outcome."
"L177","Sprint Demo","-1","There is no clear indication of working software.","rewrite","Assumes endorsement of this statement represents organizational capability.","no explicit recall window or threshold","medium","Likely executive/engineer information asymmetry; terminology and candor may vary by hierarchy and culture.","Triangulate anonymous role-stratified responses with an artifact, event sample, or operational measure."
"L178","Sprint Demo","1","Demonstrationalways takes place.","rewrite","Assumes endorsement of this statement represents organizational capability.","no explicit recall window or threshold","medium","Likely executive/engineer information asymmetry; terminology and candor may vary by hierarchy and culture.","Triangulate anonymous role-stratified responses with an artifact, event sample, or operational measure."
"L179","Sprint Demo","1","Feedback is captured.","rewrite","Assumes endorsement of this statement represents organizational capability.","no explicit recall window or threshold","medium","Likely executive/engineer information asymmetry; terminology and candor may vary by hierarchy and culture.","Triangulate anonymous role-stratified responses with an artifact, event sample, or operational measure."
"L180","Sprint Demo","1","The Product Owner is present.","rewrite","Assumes endorsement of this statement represents organizational capability.","no explicit recall window or threshold","medium","Likely executive/engineer information asymmetry; terminology and candor may vary by hierarchy and culture.","Triangulate anonymous role-stratified responses with an artifact, event sample, or operational measure."
"L181","Sprint Demo","1","Team knows the stories to demonstrate, and they are complete.","split-or-operationalize","Assumes endorsement of this statement represents organizational capability.","potentially compound statement; no explicit recall window or threshold","medium","Likely executive/engineer information asymmetry; terminology and candor may vary by hierarchy and culture.","Triangulate anonymous role-stratified responses with an artifact, event sample, or operational measure."
"L182","Sprint Demo","1","Effective time management allow team to complete demonstration of planned stories within the meeting timebox.","split-or-operationalize","Assumes endorsement of this statement represents organizational capability.","undefined evaluative or frequency term","high","Likely executive/engineer information asymmetry; terminology and candor may vary by hierarchy and culture.","Triangulate anonymous role-stratified responses with an artifact, event sample, or operational measure."
"L183","Sprint Demo","1","Demonstration is at an appropriate level for the stakeholders,focused on how product is used instead of how it is implemented","split-or-operationalize","Assumes endorsement of this statement represents organizational capability.","undefined evaluative or frequency term; no explicit recall window or threshold","high","Likely executive/engineer information asymmetry; terminology and candor may vary by hierarchy and culture.","Triangulate anonymous role-stratified responses with an artifact, event sample, or operational measure."
"L184","Sprint Demo","1","Stories are accepted and approved by Product Owner in order for stories to make it to the demo.","split-or-operationalize","Assumes endorsement of this statement represents organizational capability.","potentially compound statement; no explicit recall window or threshold","medium","Likely executive/engineer information asymmetry; terminology and candor may vary by hierarchy and culture.","Triangulate anonymous role-stratified responses with an artifact, event sample, or operational measure."
"L185","Sprint Demo","1","Demonstration is planned in advance and demoed features clearly work.","split-or-operationalize","Assumes endorsement of this statement represents organizational capability.","potentially compound statement; no explicit recall window or threshold","medium","Likely executive/engineer information asymmetry; terminology and candor may vary by hierarchy and culture.","Triangulate anonymous role-stratified responses with an artifact, event sample, or operational measure."
"L186","Sprint Demo","1","Demonstration uses realistic data.","split-or-operationalize","Assumes endorsement of this statement represents organizational capability.","undefined evaluative or frequency term; no explicit recall window or threshold","high","Likely executive/engineer information asymmetry; terminology and candor may vary by hierarchy and culture.","Triangulate anonymous role-stratified responses with an artifact, event sample, or operational measure."
"L187","Sprint Demo","1","Demonstration only shows new features, unless old features are necessary to provide context.","rewrite","Assumes endorsement of this statement represents organizational capability.","absolute wording; no explicit recall window or threshold","medium","Likely executive/engineer information asymmetry; terminology and candor may vary by hierarchy and culture.","Triangulate anonymous role-stratified responses with an artifact, event sample, or operational measure."
"L188","Sprint Demo","2","Demonstrationsare well scripted with a value-based story line.","split-or-operationalize","Assumes endorsement of this statement represents organizational capability.","undefined evaluative or frequency term; no explicit recall window or threshold","high","Likely executive/engineer information asymmetry; terminology and candor may vary by hierarchy and culture.","Triangulate anonymous role-stratified responses with an artifact, event sample, or operational measure."
"L189","Sprint Demo","2","Majority of stakeholders get to see the demo. For example, this may be achieved by multiple demos or recording.","split-or-operationalize","Assumes endorsement of this statement represents organizational capability.","potentially compound statement; no explicit recall window or threshold","medium","Likely executive/engineer information asymmetry; terminology and candor may vary by hierarchy and culture.","Triangulate anonymous role-stratified responses with an artifact, event sample, or operational measure."
"L190","Sprint Demo","3","Product Ownerarticulates on how sprint results align to business goals & objectives.","remove-or-rewrite","Assumes this named Agile practice is universally desirable and belongs on a linear maturity path.","no explicit recall window or threshold","high","Likely executive/engineer information asymmetry; terminology and candor may vary by hierarchy and culture.","Do not score the practice itself; ask what constraint it addresses and verify the resulting outcome."
"L191","Sprint Demo","3","Product Owner finds ways of maximizing business participation.","rewrite","Assumes endorsement of this statement represents organizational capability.","no explicit recall window or threshold","medium","Likely executive/engineer information asymmetry; terminology and candor may vary by hierarchy and culture.","Triangulate anonymous role-stratified responses with an artifact, event sample, or operational measure."
"L192","Retrospective","-1","No sprint retrospective held","remove-or-rewrite","Assumes this named Agile practice is universally desirable and belongs on a linear maturity path.","no explicit recall window or threshold","high","Likely executive/engineer information asymmetry; terminology and candor may vary by hierarchy and culture.","Do not score the practice itself; ask what constraint it addresses and verify the resulting outcome."
"L193","Retrospective","-1","When retrospectives are held, the same topics resurface again and again because problems are not being solved.","split-or-operationalize","Assumes endorsement of this statement represents organizational capability.","potentially compound statement; no explicit recall window or threshold","medium","Likely executive/engineer information asymmetry; terminology and candor may vary by hierarchy and culture.","Triangulate anonymous role-stratified responses with an artifact, event sample, or operational measure."
"L194","Retrospective","1","Retrospectives are held every sprint.","remove-or-rewrite","Assumes this named Agile practice is universally desirable and belongs on a linear maturity path.","no explicit recall window or threshold","high","Likely executive/engineer information asymmetry; terminology and candor may vary by hierarchy and culture.","Do not score the practice itself; ask what constraint it addresses and verify the resulting outcome."
"L195","Retrospective","1","Retrospectives generate a list of pluses and deltas for improvement action.","split-or-operationalize","Assumes endorsement of this statement represents organizational capability.","potentially compound statement; no explicit recall window or threshold","medium","Likely executive/engineer information asymmetry; terminology and candor may vary by hierarchy and culture.","Triangulate anonymous role-stratified responses with an artifact, event sample, or operational measure."
"L196","Retrospective","1","There is a list of who is assigned to each action item and be accountable for the task.","split-or-operationalize","Assumes endorsement of this statement represents organizational capability.","potentially compound statement; no explicit recall window or threshold","medium","Likely executive/engineer information asymmetry; terminology and candor may vary by hierarchy and culture.","Triangulate anonymous role-stratified responses with an artifact, event sample, or operational measure."
"L197","Retrospective","1","Problems identified in the retrospective have resulted in a root cause analysis or have been followed by change to the team's set of working agreements.","split-or-operationalize","Assumes endorsement of this statement represents organizational capability.","potentially compound statement; no explicit recall window or threshold","medium","Likely executive/engineer information asymmetry; terminology and candor may vary by hierarchy and culture.","Triangulate anonymous role-stratified responses with an artifact, event sample, or operational measure."
"L198","Retrospective","1","During the retrospective (or at least once per sprint) the team reviews performance metrics such as velocity, quality, and progress.","remove-or-rewrite","Assumes this named Agile practice is universally desirable and belongs on a linear maturity path.","potentially compound statement","high","Likely executive/engineer information asymmetry; terminology and candor may vary by hierarchy and culture.","Do not score the practice itself; ask what constraint it addresses and verify the resulting outcome."
"L199","Retrospective","1","Retrospective action items are followed up in subsequent retrospectives.","rewrite","Assumes endorsement of this statement represents organizational capability.","no explicit recall window or threshold","medium","Likely executive/engineer information asymmetry; terminology and candor may vary by hierarchy and culture.","Triangulate anonymous role-stratified responses with an artifact, event sample, or operational measure."
"L200","Retrospective","1","Retrospectives identify learning & development opportunities.","rewrite","Assumes endorsement of this statement represents organizational capability.","no explicit recall window or threshold","medium","Likely executive/engineer information asymmetry; terminology and candor may vary by hierarchy and culture.","Triangulate anonymous role-stratified responses with an artifact, event sample, or operational measure."
"L201","Retrospective","2","Retrospectives have flexibility so that a specific topic may be addressed and solved in the session.","split-or-operationalize","Assumes endorsement of this statement represents organizational capability.","potentially compound statement; no explicit recall window or threshold","medium","Likely executive/engineer information asymmetry; terminology and candor may vary by hierarchy and culture.","Triangulate anonymous role-stratified responses with an artifact, event sample, or operational measure."
"L202","Retrospective","3","This higher order of agility around retrospectives describes an organization where best lessons learned and best practices resulting from retrospective activities are rapidly shared and implemented, where appropriate, across all teams.","split-or-operationalize","Assumes endorsement of this statement represents organizational capability.","undefined evaluative or frequency term; potentially compound statement; absolute wording; no explicit recall window or threshold","high","Likely executive/engineer information asymmetry; terminology and candor may vary by hierarchy and culture.","Triangulate anonymous role-stratified responses with an artifact, event sample, or operational measure."
"L203","Unit Testing","-1","The team does not understand or value unit testing.","split-or-operationalize","Assumes endorsement of this statement represents organizational capability.","potentially compound statement; no explicit recall window or threshold","medium","Likely executive/engineer information asymmetry; terminology and candor may vary by hierarchy and culture.","Triangulate anonymous role-stratified responses with an artifact, event sample, or operational measure."
"L204","Unit Testing","1","Developers write unit tests during a sprint for some stories.","remove-or-rewrite","Assumes this named Agile practice is universally desirable and belongs on a linear maturity path.","no explicit recall window or threshold","high","Likely executive/engineer information asymmetry; terminology and candor may vary by hierarchy and culture.","Do not score the practice itself; ask what constraint it addresses and verify the resulting outcome."
"L205","Unit Testing","1","There is an awareness ofmocks, stubs and test doublesand some use of them in tests.","split-or-operationalize","Assumes respondents can accurately report the operational condition without a defined window or data source.","potentially compound statement; no explicit recall window or threshold","medium","Likely executive/engineer information asymmetry; terminology and candor may vary by hierarchy and culture.","Verify with telemetry, records, or a sampled artifact; define product/service and time window."
"L206","Unit Testing","1","The unit tests always isolate the functionality under test, hence a failing test pinpoints a problem.","retain-as-evidence-prompt","Assumes respondents can accurately report the operational condition without a defined window or data source.","absolute wording; no explicit recall window or threshold","medium","Likely executive/engineer information asymmetry; terminology and candor may vary by hierarchy and culture.","Verify with telemetry, records, or a sampled artifact; define product/service and time window."
"L207","Unit Testing","1","The unit tests are part of the CI build.","retain-as-evidence-prompt","Assumes respondents can accurately report the operational condition without a defined window or data source.","no explicit recall window or threshold","medium","Likely executive/engineer information asymmetry; terminology and candor may vary by hierarchy and culture.","Verify with telemetry, records, or a sampled artifact; define product/service and time window."
"L208","Unit Testing","2","Tests are independent, can be run in anyorder, and don't share test data.","split-or-operationalize","Assumes respondents can accurately report the operational condition without a defined window or data source.","potentially compound statement; no explicit recall window or threshold","medium","Likely executive/engineer information asymmetry; terminology and candor may vary by hierarchy and culture.","Verify with telemetry, records, or a sampled artifact; define product/service and time window."
"L209","Unit Testing","2","The team values fast and durable tests.","split-or-operationalize","Assumes endorsement of this statement represents organizational capability.","potentially compound statement; no explicit recall window or threshold","medium","Likely executive/engineer information asymmetry; terminology and candor may vary by hierarchy and culture.","Triangulate anonymous role-stratified responses with an artifact, event sample, or operational measure."
"L210","Unit Testing","2","The team recognizes the value of BDD in the emerging design and the prevention of waste by only building functionality that is required (YAGNI).","split-or-operationalize","Assumes endorsement of this statement represents organizational capability.","potentially compound statement; absolute wording; no explicit recall window or threshold","medium","Likely executive/engineer information asymmetry; terminology and candor may vary by hierarchy and culture.","Triangulate anonymous role-stratified responses with an artifact, event sample, or operational measure."
"L211","Unit Testing","2","The team has a standard mocking framework that they use for all mocks, stubs, doubles.","rewrite","Assumes endorsement of this statement represents organizational capability.","absolute wording; no explicit recall window or threshold","medium","Likely executive/engineer information asymmetry; terminology and candor may vary by hierarchy and culture.","Triangulate anonymous role-stratified responses with an artifact, event sample, or operational measure."
"L212","Unit Testing","2","The entire team recognizes the value of refactoring of unit tests.","rewrite","Assumes endorsement of this statement represents organizational capability.","no explicit recall window or threshold","medium","Likely executive/engineer information asymmetry; terminology and candor may vary by hierarchy and culture.","Triangulate anonymous role-stratified responses with an artifact, event sample, or operational measure."
"L213","Unit Testing","3","Unit tests are comprehensive, consistently fast, and form the foundation for continuous refactoring. Test coverage and quality are so high that developers confidently rely on them for design validation and risk mitigation.","split-or-operationalize","Assumes respondents can accurately report the operational condition without a defined window or data source.","potentially compound statement; no explicit recall window or threshold","medium","Likely executive/engineer information asymmetry; terminology and candor may vary by hierarchy and culture.","Verify with telemetry, records, or a sampled artifact; define product/service and time window."
"L214","Automated Acceptance Testing","-1","Heavy post development Test Case suite generation culture followed by a UAT phase.","retain-as-evidence-prompt","Assumes respondents can accurately report the operational condition without a defined window or data source.","no explicit recall window or threshold","medium","Likely executive/engineer information asymmetry; terminology and candor may vary by hierarchy and culture.","Verify with telemetry, records, or a sampled artifact; define product/service and time window."
"L215","Automated Acceptance Testing","1","Team understands BDD conceptually.","rewrite","Assumes endorsement of this statement represents organizational capability.","no explicit recall window or threshold","medium","Likely executive/engineer information asymmetry; terminology and candor may vary by hierarchy and culture.","Triangulate anonymous role-stratified responses with an artifact, event sample, or operational measure."
"L216","Automated Acceptance Testing","1","Test cases utilize BDD style specifications.","retain-as-evidence-prompt","Assumes respondents can accurately report the operational condition without a defined window or data source.","no explicit recall window or threshold","medium","Likely executive/engineer information asymmetry; terminology and candor may vary by hierarchy and culture.","Verify with telemetry, records, or a sampled artifact; define product/service and time window."
"L217","Automated Acceptance Testing","1","User stories have BDD style acceptance criteria, which are leveraged for QA (could be manual or automated testing).","split-or-operationalize","Assumes endorsement of this statement represents organizational capability.","potentially compound statement; no explicit recall window or threshold","medium","Likely executive/engineer information asymmetry; terminology and candor may vary by hierarchy and culture.","Triangulate anonymous role-stratified responses with an artifact, event sample, or operational measure."
"L218","Automated Acceptance Testing","1","The Three Amigo's have collective ownership of the testing approach.","rewrite","Assumes endorsement of this statement represents organizational capability.","no explicit recall window or threshold","medium","Likely executive/engineer information asymmetry; terminology and candor may vary by hierarchy and culture.","Triangulate anonymous role-stratified responses with an artifact, event sample, or operational measure."
"L219","Automated Acceptance Testing","2","User stories are rich in Acceptance Criteria illustrated by example(s) that have corresponding automated (acceptance/regression) test suites.","retain-as-evidence-prompt","Assumes respondents can accurately report the operational condition without a defined window or data source.","no explicit recall window or threshold","medium","Likely executive/engineer information asymmetry; terminology and candor may vary by hierarchy and culture.","Verify with telemetry, records, or a sampled artifact; define product/service and time window."
"L220","Automated Acceptance Testing","2","These tests are developed in parallel to story development by QA using our standard tools - Karate and Playwright.","split-or-operationalize","Assumes endorsement of this statement represents organizational capability.","potentially compound statement; no explicit recall window or threshold","medium","Likely executive/engineer information asymmetry; terminology and candor may vary by hierarchy and culture.","Triangulate anonymous role-stratified responses with an artifact, event sample, or operational measure."
"L221","Automated Acceptance Testing","2","Tests are peer-reviewed and managed like code","split-or-operationalize","Assumes endorsement of this statement represents organizational capability.","potentially compound statement; no explicit recall window or threshold","medium","Likely executive/engineer information asymmetry; terminology and candor may vary by hierarchy and culture.","Triangulate anonymous role-stratified responses with an artifact, event sample, or operational measure."
"L222","Automated Acceptance Testing","2","These tests are kept fresh with newer richer examples with the growth of codebase and are frequently reviewed by the business.","split-or-operationalize","Assumes endorsement of this statement represents organizational capability.","undefined evaluative or frequency term; potentially compound statement; no explicit recall window or threshold","high","Likely executive/engineer information asymmetry; terminology and candor may vary by hierarchy and culture.","Triangulate anonymous role-stratified responses with an artifact, event sample, or operational measure."
"L223","Automated Acceptance Testing","3","Acceptance Criteria generated by the business with rich example(s) are the core of user stories.","rewrite","Assumes endorsement of this statement represents organizational capability.","no explicit recall window or threshold","medium","Likely executive/engineer information asymmetry; terminology and candor may vary by hierarchy and culture.","Triangulate anonymous role-stratified responses with an artifact, event sample, or operational measure."
"L224","Refactoring","-1","The value of the continuous improvement of the design of the code is not understood by the team.","rewrite","Assumes endorsement of this statement represents organizational capability.","no explicit recall window or threshold","medium","Likely executive/engineer information asymmetry; terminology and candor may vary by hierarchy and culture.","Triangulate anonymous role-stratified responses with an artifact, event sample, or operational measure."
"L225","Refactoring","1","There is a general understanding of what refactoring is.","rewrite","Assumes endorsement of this statement represents organizational capability.","no explicit recall window or threshold","medium","Likely executive/engineer information asymmetry; terminology and candor may vary by hierarchy and culture.","Triangulate anonymous role-stratified responses with an artifact, event sample, or operational measure."
"L226","Refactoring","1","The team knows how to use the IDE tools for refactoring.","rewrite","Assumes endorsement of this statement represents organizational capability.","no explicit recall window or threshold","medium","Likely executive/engineer information asymmetry; terminology and candor may vary by hierarchy and culture.","Triangulate anonymous role-stratified responses with an artifact, event sample, or operational measure."
"L227","Refactoring","1","The team understands refactoring and how to apply it.","split-or-operationalize","Assumes endorsement of this statement represents organizational capability.","potentially compound statement; no explicit recall window or threshold","medium","Likely executive/engineer information asymmetry; terminology and candor may vary by hierarchy and culture.","Triangulate anonymous role-stratified responses with an artifact, event sample, or operational measure."
"L228","Refactoring","1","Refactoring is applied to targeted problem areas.","rewrite","Assumes endorsement of this statement represents organizational capability.","no explicit recall window or threshold","medium","Likely executive/engineer information asymmetry; terminology and candor may vary by hierarchy and culture.","Triangulate anonymous role-stratified responses with an artifact, event sample, or operational measure."
"L229","Refactoring","1","Static code analysis metrics are used to target areas in the code base for refactoring.","rewrite","Assumes endorsement of this statement represents organizational capability.","no explicit recall window or threshold","medium","Likely executive/engineer information asymmetry; terminology and candor may vary by hierarchy and culture.","Triangulate anonymous role-stratified responses with an artifact, event sample, or operational measure."
"L230","Refactoring","2","Refactoring is applied consistently across the code base.","rewrite","Assumes endorsement of this statement represents organizational capability.","no explicit recall window or threshold","medium","Likely executive/engineer information asymmetry; terminology and candor may vary by hierarchy and culture.","Triangulate anonymous role-stratified responses with an artifact, event sample, or operational measure."
"L231","Refactoring","2","Static code analysis thresholds are a gating item for the definition of a successful build.","retain-as-evidence-prompt","Assumes respondents can accurately report the operational condition without a defined window or data source.","no explicit recall window or threshold","medium","Likely executive/engineer information asymmetry; terminology and candor may vary by hierarchy and culture.","Verify with telemetry, records, or a sampled artifact; define product/service and time window."
"L232","Refactoring","2","There is a technical debt list that is used to prioritize refactoring activities with new feature development or other sustaining activities.","split-or-operationalize","Assumes endorsement of this statement represents organizational capability.","potentially compound statement; no explicit recall window or threshold","medium","Likely executive/engineer information asymmetry; terminology and candor may vary by hierarchy and culture.","Triangulate anonymous role-stratified responses with an artifact, event sample, or operational measure."
"L233","Refactoring","2","The team refactors tests as well as code (all code artifacts - Models, Views, Controllers, DB Schema, Stored Procedures, HTML, CSS, etc).","split-or-operationalize","Assumes endorsement of this statement represents organizational capability.","undefined evaluative or frequency term; potentially compound statement; absolute wording; no explicit recall window or threshold","high","Likely executive/engineer information asymmetry; terminology and candor may vary by hierarchy and culture.","Triangulate anonymous role-stratified responses with an artifact, event sample, or operational measure."
"L234","Refactoring","3","Design patterns such as the SOLID principles are applied to guide improvement.","rewrite","Assumes endorsement of this statement represents organizational capability.","no explicit recall window or threshold","medium","Likely executive/engineer information asymmetry; terminology and candor may vary by hierarchy and culture.","Triangulate anonymous role-stratified responses with an artifact, event sample, or operational measure."
"L235","Refactoring","3","Refactoring enables emergent design.","rewrite","Assumes endorsement of this statement represents organizational capability.","no explicit recall window or threshold","medium","Likely executive/engineer information asymmetry; terminology and candor may vary by hierarchy and culture.","Triangulate anonymous role-stratified responses with an artifact, event sample, or operational measure."
"L236","Pair Programming","-1","No understanding of pair programming or there is concern that It will lower the utilization rate of individual developers.","remove-or-rewrite","Assumes this named Agile practice is universally desirable and belongs on a linear maturity path.","potentially compound statement; no explicit recall window or threshold","high","Likely executive/engineer information asymmetry; terminology and candor may vary by hierarchy and culture.","Do not score the practice itself; ask what constraint it addresses and verify the resulting outcome."
"L237","Pair Programming","1","Random acts of pair programming.","remove-or-rewrite","Assumes this named Agile practice is universally desirable and belongs on a linear maturity path.","no explicit recall window or threshold","high","Likely executive/engineer information asymmetry; terminology and candor may vary by hierarchy and culture.","Do not score the practice itself; ask what constraint it addresses and verify the resulting outcome."
"L238","Pair Programming","1","At least 1 hour per developer per week of pair programming.","remove-or-rewrite","Assumes this named Agile practice is universally desirable and belongs on a linear maturity path.","limited lexical ambiguity; context still unspecified","high","Likely executive/engineer information asymmetry; terminology and candor may vary by hierarchy and culture.","Do not score the practice itself; ask what constraint it addresses and verify the resulting outcome."
"L239","Pair Programming","1","Pairing happens when an issue arises and there is significant pressure to fix it fast.","split-or-operationalize","Assumes endorsement of this statement represents organizational capability.","undefined evaluative or frequency term; potentially compound statement; no explicit recall window or threshold","high","Likely executive/engineer information asymmetry; terminology and candor may vary by hierarchy and culture.","Triangulate anonymous role-stratified responses with an artifact, event sample, or operational measure."
"L240","Pair Programming","1","At least 1 hour per developer per day of pair programming.","remove-or-rewrite","Assumes this named Agile practice is universally desirable and belongs on a linear maturity path.","limited lexical ambiguity; context still unspecified","high","Likely executive/engineer information asymmetry; terminology and candor may vary by hierarchy and culture.","Do not score the practice itself; ask what constraint it addresses and verify the resulting outcome."
"L241","Pair Programming","1","Pair programming includes the navigator and driver, switching roles often.","remove-or-rewrite","Assumes this named Agile practice is universally desirable and belongs on a linear maturity path.","undefined evaluative or frequency term; potentially compound statement; no explicit recall window or threshold","high","Likely executive/engineer information asymmetry; terminology and candor may vary by hierarchy and culture.","Do not score the practice itself; ask what constraint it addresses and verify the resulting outcome."
"L242","Pair Programming","1","Pair programming takes place whenever a new person joins the team.","remove-or-rewrite","Assumes this named Agile practice is universally desirable and belongs on a linear maturity path.","no explicit recall window or threshold","high","Likely executive/engineer information asymmetry; terminology and candor may vary by hierarchy and culture.","Do not score the practice itself; ask what constraint it addresses and verify the resulting outcome."
"L243","Pair Programming","1","There is some thought by the team to rotate or switch pairs on a regular basis.","split-or-operationalize","Assumes endorsement of this statement represents organizational capability.","potentially compound statement; no explicit recall window or threshold","medium","Likely executive/engineer information asymmetry; terminology and candor may vary by hierarchy and culture.","Triangulate anonymous role-stratified responses with an artifact, event sample, or operational measure."
"L244","Pair Programming","1","Since pair programming results in more intense work, active attention is given to sustainable pace - perhaps the pomodoro technique is employed.","remove-or-rewrite","Assumes this named Agile practice is universally desirable and belongs on a linear maturity path.","no explicit recall window or threshold","high","Likely executive/engineer information asymmetry; terminology and candor may vary by hierarchy and culture.","Do not score the practice itself; ask what constraint it addresses and verify the resulting outcome."
"L245","Pair Programming","2","More than 4 hours of pair programming per day.","remove-or-rewrite","Assumes this named Agile practice is universally desirable and belongs on a linear maturity path.","limited lexical ambiguity; context still unspecified","high","Likely executive/engineer information asymmetry; terminology and candor may vary by hierarchy and culture.","Do not score the practice itself; ask what constraint it addresses and verify the resulting outcome."
"L246","Pair Programming","2","The team has a working agreement to actively switch pair partners and ensure everyone has a chance to pair with everyone else on the team.","remove-or-rewrite","Assumes this named Agile practice is universally desirable and belongs on a linear maturity path.","potentially compound statement; absolute wording; no explicit recall window or threshold","high","Likely executive/engineer information asymmetry; terminology and candor may vary by hierarchy and culture.","Do not score the practice itself; ask what constraint it addresses and verify the resulting outcome."
"L247","Pair Programming","2","Management encourages pair programming.","remove-or-rewrite","Assumes this named Agile practice is universally desirable and belongs on a linear maturity path.","no explicit recall window or threshold","high","Likely executive/engineer information asymmetry; terminology and candor may vary by hierarchy and culture.","Do not score the practice itself; ask what constraint it addresses and verify the resulting outcome."
"L248","Pair Programming","3","Promiscuous pairing.","rewrite","Assumes endorsement of this statement represents organizational capability.","no explicit recall window or threshold","medium","Likely executive/engineer information asymmetry; terminology and candor may vary by hierarchy and culture.","Triangulate anonymous role-stratified responses with an artifact, event sample, or operational measure."
"L249","Pair Programming","3","In addition to more than 4 hours of pair programming, regularly switching navigator and driver roles without pairing with the same partner everyday.","remove-or-rewrite","Assumes this named Agile practice is universally desirable and belongs on a linear maturity path.","potentially compound statement; no explicit recall window or threshold","high","Likely executive/engineer information asymmetry; terminology and candor may vary by hierarchy and culture.","Do not score the practice itself; ask what constraint it addresses and verify the resulting outcome."
"L250","Pair Programming","3","Team manages risk and uncertainty for the team by making coding decisions in pairs leading to a higher degree of confidence when problems or solutions are not 100% defined.","split-or-operationalize","Assumes endorsement of this statement represents organizational capability.","potentially compound statement; no explicit recall window or threshold","medium","Likely executive/engineer information asymmetry; terminology and candor may vary by hierarchy and culture.","Triangulate anonymous role-stratified responses with an artifact, event sample, or operational measure."
"L251","Pair Programming","3","Pair programming is a promoted as part of a desirable environment for potential recruits.","remove-or-rewrite","Assumes this named Agile practice is universally desirable and belongs on a linear maturity path.","no explicit recall window or threshold","high","Likely executive/engineer information asymmetry; terminology and candor may vary by hierarchy and culture.","Do not score the practice itself; ask what constraint it addresses and verify the resulting outcome."
"L252","Design Simplicity","-1","Big up-front design that attempts to accommodate all potential future needs.","rewrite","Assumes endorsement of this statement represents organizational capability.","absolute wording; no explicit recall window or threshold","medium","Likely executive/engineer information asymmetry; terminology and candor may vary by hierarchy and culture.","Triangulate anonymous role-stratified responses with an artifact, event sample, or operational measure."
"L253","Design Simplicity","-1","Team disagrees with YAGNI (You Aren't Going to Need It).","rewrite","Assumes endorsement of this statement represents organizational capability.","no explicit recall window or threshold","medium","Likely executive/engineer information asymmetry; terminology and candor may vary by hierarchy and culture.","Triangulate anonymous role-stratified responses with an artifact, event sample, or operational measure."
"L254","Design Simplicity","-1","Team disagrees with evolving design and architecture.","split-or-operationalize","Assumes endorsement of this statement represents organizational capability.","potentially compound statement; no explicit recall window or threshold","medium","Likely executive/engineer information asymmetry; terminology and candor may vary by hierarchy and culture.","Triangulate anonymous role-stratified responses with an artifact, event sample, or operational measure."
"L255","Design Simplicity","-1","Team does not feel they can update their design / refactor their way to the future - they feel a need to invent everything up front - especially data design.","rewrite","Assumes endorsement of this statement represents organizational capability.","no explicit recall window or threshold","medium","Likely executive/engineer information asymmetry; terminology and candor may vary by hierarchy and culture.","Triangulate anonymous role-stratified responses with an artifact, event sample, or operational measure."
"L256","Design Simplicity","1","Team is aware of YAGNI and evolving design and architecture, and there is some evidence of following these principles.","split-or-operationalize","Assumes endorsement of this statement represents organizational capability.","potentially compound statement; no explicit recall window or threshold","medium","Likely executive/engineer information asymmetry; terminology and candor may vary by hierarchy and culture.","Triangulate anonymous role-stratified responses with an artifact, event sample, or operational measure."
"L257","Design Simplicity","1","If there is an external architecture group, then the team has some input on architectural choices.","rewrite","Assumes endorsement of this statement represents organizational capability.","no explicit recall window or threshold","medium","Likely executive/engineer information asymmetry; terminology and candor may vary by hierarchy and culture.","Triangulate anonymous role-stratified responses with an artifact, event sample, or operational measure."
"L258","Design Simplicity","1","Team is aware of low coupling and high cohesion and can find examples in their code base.","split-or-operationalize","Assumes endorsement of this statement represents organizational capability.","potentially compound statement; no explicit recall window or threshold","medium","Likely executive/engineer information asymmetry; terminology and candor may vary by hierarchy and culture.","Triangulate anonymous role-stratified responses with an artifact, event sample, or operational measure."
"L259","Design Simplicity","1","Most of the team has some understanding of design patterns and can find examples in their code base.","split-or-operationalize","Assumes endorsement of this statement represents organizational capability.","potentially compound statement; no explicit recall window or threshold","medium","Likely executive/engineer information asymmetry; terminology and candor may vary by hierarchy and culture.","Triangulate anonymous role-stratified responses with an artifact, event sample, or operational measure."
"L260","Design Simplicity","1","There is some acceptance by the team that refactoring can be a valuable tool in updating their design with new requirements.","split-or-operationalize","Assumes endorsement of this statement represents organizational capability.","undefined evaluative or frequency term; no explicit recall window or threshold","high","Likely executive/engineer information asymmetry; terminology and candor may vary by hierarchy and culture.","Triangulate anonymous role-stratified responses with an artifact, event sample, or operational measure."
"L261","Design Simplicity","2","The team discusses accidental complexity and will make changes to remove it.","split-or-operationalize","Assumes endorsement of this statement represents organizational capability.","potentially compound statement; no explicit recall window or threshold","medium","Likely executive/engineer information asymmetry; terminology and candor may vary by hierarchy and culture.","Triangulate anonymous role-stratified responses with an artifact, event sample, or operational measure."
"L262","Design Simplicity","2","Many of the developers embrace single responsibility, design by contract, dependency injection, the Law of Demeter etc.","rewrite","Assumes endorsement of this statement represents organizational capability.","no explicit recall window or threshold","medium","Likely executive/engineer information asymmetry; terminology and candor may vary by hierarchy and culture.","Triangulate anonymous role-stratified responses with an artifact, event sample, or operational measure."
"L263","Design Simplicity","3","The team polices each other on YAGNI and are disciplined about implementing only the code to pass the story acceptance tests.","split-or-operationalize","Assumes endorsement of this statement represents organizational capability.","potentially compound statement; absolute wording; no explicit recall window or threshold","medium","Likely executive/engineer information asymmetry; terminology and candor may vary by hierarchy and culture.","Triangulate anonymous role-stratified responses with an artifact, event sample, or operational measure."
"L264","Design Simplicity","3","Spikes are used with each release to introduce new ideas and test architectural decisions.","split-or-operationalize","Assumes respondents can accurately report the operational condition without a defined window or data source.","potentially compound statement; no explicit recall window or threshold","medium","Likely executive/engineer information asymmetry; terminology and candor may vary by hierarchy and culture.","Verify with telemetry, records, or a sampled artifact; define product/service and time window."
"L265","Design Simplicity","3","All of the developers understand and work to SOLID (https://en.wikipedia.org/wiki/SOLID).","split-or-operationalize","Assumes endorsement of this statement represents organizational capability.","potentially compound statement; absolute wording; no explicit recall window or threshold","medium","Likely executive/engineer information asymmetry; terminology and candor may vary by hierarchy and culture.","Triangulate anonymous role-stratified responses with an artifact, event sample, or operational measure."
"L266","Design Simplicity","3","The team values and updates the design documents to ensure we can teach new people and potential customers.","split-or-operationalize","Assumes endorsement of this statement represents organizational capability.","potentially compound statement; no explicit recall window or threshold","medium","Likely executive/engineer information asymmetry; terminology and candor may vary by hierarchy and culture.","Triangulate anonymous role-stratified responses with an artifact, event sample, or operational measure."
"L267","Design Simplicity","3","The team actively works to recognize and remove accidental complexity from evolving designs.","split-or-operationalize","Assumes endorsement of this statement represents organizational capability.","potentially compound statement; no explicit recall window or threshold","medium","Likely executive/engineer information asymmetry; terminology and candor may vary by hierarchy and culture.","Triangulate anonymous role-stratified responses with an artifact, event sample, or operational measure."
"L268","Definition of Done","-1","There is no Definition of Done.","remove-or-rewrite","Assumes this named Agile practice is universally desirable and belongs on a linear maturity path.","no explicit recall window or threshold","high","Likely executive/engineer information asymmetry; terminology and candor may vary by hierarchy and culture.","Do not score the practice itself; ask what constraint it addresses and verify the resulting outcome."
"L269","Definition of Done","-1","There is a Definition of Done that is 'code complete' only.","remove-or-rewrite","Assumes this named Agile practice is universally desirable and belongs on a linear maturity path.","absolute wording; no explicit recall window or threshold","high","Likely executive/engineer information asymmetry; terminology and candor may vary by hierarchy and culture.","Do not score the practice itself; ask what constraint it addresses and verify the resulting outcome."
"L270","Definition of Done","-1","Individuals complete work to varying levels of done-ness with no visibility to what work is or is not being completed for each story.","split-or-operationalize","Assumes endorsement of this statement represents organizational capability.","potentially compound statement; no explicit recall window or threshold","medium","Likely executive/engineer information asymmetry; terminology and candor may vary by hierarchy and culture.","Triangulate anonymous role-stratified responses with an artifact, event sample, or operational measure."
"L271","Definition of Done","1","There is a reasonable and documented Definition of Done.","remove-or-rewrite","Assumes this named Agile practice is universally desirable and belongs on a linear maturity path.","potentially compound statement; no explicit recall window or threshold","high","Likely executive/engineer information asymmetry; terminology and candor may vary by hierarchy and culture.","Do not score the practice itself; ask what constraint it addresses and verify the resulting outcome."
"L272","Definition of Done","1","Definition of Done is mostly followed.","remove-or-rewrite","Assumes this named Agile practice is universally desirable and belongs on a linear maturity path.","undefined evaluative or frequency term; no explicit recall window or threshold","high","Likely executive/engineer information asymmetry; terminology and candor may vary by hierarchy and culture.","Do not score the practice itself; ask what constraint it addresses and verify the resulting outcome."
"L273","Definition of Done","1","Definition of Done was created by the team","remove-or-rewrite","Assumes this named Agile practice is universally desirable and belongs on a linear maturity path.","no explicit recall window or threshold","high","Likely executive/engineer information asymmetry; terminology and candor may vary by hierarchy and culture.","Do not score the practice itself; ask what constraint it addresses and verify the resulting outcome."
"L274","Definition of Done","1","Definition of Done documents the breadth of activities necessary for code to be ready for production.","remove-or-rewrite","Assumes this named Agile practice is universally desirable and belongs on a linear maturity path.","no explicit recall window or threshold","high","Likely executive/engineer information asymmetry; terminology and candor may vary by hierarchy and culture.","Do not score the practice itself; ask what constraint it addresses and verify the resulting outcome."
"L275","Definition of Done","1","Everyone on the team knows the Definition of Done, follows it consistently and can explain what Done means for their team.","remove-or-rewrite","Assumes this named Agile practice is universally desirable and belongs on a linear maturity path.","potentially compound statement; absolute wording; no explicit recall window or threshold","high","Likely executive/engineer information asymmetry; terminology and candor may vary by hierarchy and culture.","Do not score the practice itself; ask what constraint it addresses and verify the resulting outcome."
"L276","Definition of Done","1","There may be a Release level Definition of Done that captures activities that cannot be achieved in a user story definition of done.","remove-or-rewrite","Assumes this named Agile practice is universally desirable and belongs on a linear maturity path.","no explicit recall window or threshold","high","Likely executive/engineer information asymmetry; terminology and candor may vary by hierarchy and culture.","Do not score the practice itself; ask what constraint it addresses and verify the resulting outcome."
"L277","Definition of Done","1","Stories that do not meet the Definition of Done are not accepted and are not demonstrated to the customer.","remove-or-rewrite","Assumes this named Agile practice is universally desirable and belongs on a linear maturity path.","potentially compound statement; no explicit recall window or threshold","high","Likely executive/engineer information asymmetry; terminology and candor may vary by hierarchy and culture.","Verify with telemetry, records, or a sampled artifact; define product/service and time window."
"L278","Definition of Done","2","Definition of Done is reviewed by the team on a regular basis and adjustments / improvements are made as needed.","remove-or-rewrite","Assumes this named Agile practice is universally desirable and belongs on a linear maturity path.","undefined evaluative or frequency term; potentially compound statement; no explicit recall window or threshold","high","Likely executive/engineer information asymmetry; terminology and candor may vary by hierarchy and culture.","Do not score the practice itself; ask what constraint it addresses and verify the resulting outcome."
"L279","Definition of Done","2","Debt repayment needed to bring existing code up to an updated Definition of Done enters the backlog as one or more new stories.","remove-or-rewrite","Assumes this named Agile practice is universally desirable and belongs on a linear maturity path.","potentially compound statement; no explicit recall window or threshold","high","Likely executive/engineer information asymmetry; terminology and candor may vary by hierarchy and culture.","Do not score the practice itself; ask what constraint it addresses and verify the resulting outcome."
"L280","Definition of Done","2","Changes to process, infrastructure, teams or organizational structure are made as needed to enable all work to meet the Definition of Done at the story level so any Release level Definition of Done becomes moot.","remove-or-rewrite","Assumes this named Agile practice is universally desirable and belongs on a linear maturity path.","undefined evaluative or frequency term; potentially compound statement; absolute wording; no explicit recall window or threshold","high","Likely executive/engineer information asymmetry; terminology and candor may vary by hierarchy and culture.","Do not score the practice itself; ask what constraint it addresses and verify the resulting outcome."
"L281","Definition of Done","3","Continuous deployment enabled.","rewrite","Assumes endorsement of this statement represents organizational capability.","no explicit recall window or threshold","medium","Likely executive/engineer information asymmetry; terminology and candor may vary by hierarchy and culture.","Triangulate anonymous role-stratified responses with an artifact, event sample, or operational measure."
"L282","Continuous Integration - Legacy","-1","Build is manually performed, infrequently, custom every time or may be repeatable but static.","split-or-operationalize","Assumes respondents can accurately report the operational condition without a defined window or data source.","potentially compound statement; no explicit recall window or threshold","medium","Likely executive/engineer information asymmetry; terminology and candor may vary by hierarchy and culture.","Verify with telemetry, records, or a sampled artifact; define product/service and time window."
"L283","Continuous Integration - Legacy","-1","Steps to run and configure builds are not captured in any manner.","split-or-operationalize","Assumes endorsement of this statement represents organizational capability.","potentially compound statement; no explicit recall window or threshold","medium","Likely executive/engineer information asymmetry; terminology and candor may vary by hierarchy and culture.","Triangulate anonymous role-stratified responses with an artifact, event sample, or operational measure."
"L284","Continuous Integration - Legacy","-1","The build process is considered 'tribal knowledge'.","retain-as-evidence-prompt","Assumes respondents can accurately report the operational condition without a defined window or data source.","no explicit recall window or threshold","medium","Likely executive/engineer information asymmetry; terminology and candor may vary by hierarchy and culture.","Verify with telemetry, records, or a sampled artifact; define product/service and time window."
"L285","Continuous Integration - Legacy","1","Build to a dedicated environment is repeatable and automated.","split-or-operationalize","Assumes respondents can accurately report the operational condition without a defined window or data source.","potentially compound statement; no explicit recall window or threshold","medium","Likely executive/engineer information asymmetry; terminology and candor may vary by hierarchy and culture.","Verify with telemetry, records, or a sampled artifact; define product/service and time window."
"L286","Continuous Integration - Legacy","1","There is automated unit testing in the build.","retain-as-evidence-prompt","Assumes respondents can accurately report the operational condition without a defined window or data source.","no explicit recall window or threshold","medium","Likely executive/engineer information asymmetry; terminology and candor may vary by hierarchy and culture.","Verify with telemetry, records, or a sampled artifact; define product/service and time window."
"L287","Continuous Integration - Legacy","1","State of the build is a responsibility of the team.","retain-as-evidence-prompt","Assumes respondents can accurately report the operational condition without a defined window or data source.","no explicit recall window or threshold","medium","Likely executive/engineer information asymmetry; terminology and candor may vary by hierarchy and culture.","Verify with telemetry, records, or a sampled artifact; define product/service and time window."
"L288","Continuous Integration - Legacy","1","Build is automatically triggered.","retain-as-evidence-prompt","Assumes respondents can accurately report the operational condition without a defined window or data source.","no explicit recall window or threshold","medium","Likely executive/engineer information asymmetry; terminology and candor may vary by hierarchy and culture.","Verify with telemetry, records, or a sampled artifact; define product/service and time window."
"L289","Continuous Integration - Legacy","1","Broken builds get fixed within 24 hours.","rewrite","Assumes endorsement of this statement represents organizational capability.","limited lexical ambiguity; context still unspecified","medium","Likely executive/engineer information asymmetry; terminology and candor may vary by hierarchy and culture.","Triangulate anonymous role-stratified responses with an artifact, event sample, or operational measure."
"L290","Continuous Integration - Legacy","1","There is reporting of code quality, build statistics, and testing results.","split-or-operationalize","Assumes respondents can accurately report the operational condition without a defined window or data source.","potentially compound statement; no explicit recall window or threshold","medium","Likely executive/engineer information asymmetry; terminology and candor may vary by hierarchy and culture.","Verify with telemetry, records, or a sampled artifact; define product/service and time window."
"L291","Continuous Integration - Legacy","1","If complete regression build runs too long, then the build may be split into (1) Fast, incremental commit build launched for each check-in and (2) Complete regression build with automated functional tests as part of success criteria.","split-or-operationalize","Assumes respondents can accurately report the operational condition without a defined window or data source.","potentially compound statement; no explicit recall window or threshold","medium","Likely executive/engineer information asymmetry; terminology and candor may vary by hierarchy and culture.","Verify with telemetry, records, or a sampled artifact; define product/service and time window."
"L292","Continuous Integration - Legacy","1","The commit build provides feedback on common build problems in under 10 minutes.","retain-as-evidence-prompt","Assumes respondents can accurately report the operational condition without a defined window or data source.","no explicit recall window or threshold","medium","Likely executive/engineer information asymmetry; terminology and candor may vary by hierarchy and culture.","Verify with telemetry, records, or a sampled artifact; define product/service and time window."
"L293","Continuous Integration - Legacy","1","Each team member's code is pulled regularly (at least once a day) triggering the CI system.","rewrite","Assumes endorsement of this statement represents organizational capability.","limited lexical ambiguity; context still unspecified","medium","Likely executive/engineer information asymmetry; terminology and candor may vary by hierarchy and culture.","Triangulate anonymous role-stratified responses with an artifact, event sample, or operational measure."
"L294","Continuous Integration - Legacy","2","Build stages (incremental and regression) are linked in order to remove duplication across end-to-end build process.","split-or-operationalize","Assumes respondents can accurately report the operational condition without a defined window or data source.","potentially compound statement; no explicit recall window or threshold","medium","Likely executive/engineer information asymmetry; terminology and candor may vary by hierarchy and culture.","Verify with telemetry, records, or a sampled artifact; define product/service and time window."
"L295","Continuous Integration - Legacy","2","Build success criteria extend to non-functional considerations - such as architectural breaches, slow tests, and coding standard violations.","split-or-operationalize","Assumes respondents can accurately report the operational condition without a defined window or data source.","potentially compound statement; no explicit recall window or threshold","medium","Likely executive/engineer information asymmetry; terminology and candor may vary by hierarchy and culture.","Verify with telemetry, records, or a sampled artifact; define product/service and time window."
"L296","Continuous Integration - Legacy","2","Reporting capabilities provide complete transparency across all aspects of code quality, build statistics, and testing results.","split-or-operationalize","Assumes respondents can accurately report the operational condition without a defined window or data source.","potentially compound statement; absolute wording; no explicit recall window or threshold","medium","Likely executive/engineer information asymmetry; terminology and candor may vary by hierarchy and culture.","Verify with telemetry, records, or a sampled artifact; define product/service and time window."
"L297","Continuous Integration - Legacy","3","Builds are done in parallel reducing overall build time.","retain-as-evidence-prompt","Assumes respondents can accurately report the operational condition without a defined window or data source.","no explicit recall window or threshold","medium","Likely executive/engineer information asymmetry; terminology and candor may vary by hierarchy and culture.","Verify with telemetry, records, or a sampled artifact; define product/service and time window."
"L298","Continuous Integration - Legacy","3","Targeted feedback for corrective measures on failed builds occur across builds.","rewrite","Assumes endorsement of this statement represents organizational capability.","no explicit recall window or threshold","medium","Likely executive/engineer information asymmetry; terminology and candor may vary by hierarchy and culture.","Triangulate anonymous role-stratified responses with an artifact, event sample, or operational measure."
"L299","Continuous Integration - Legacy","3","Reporting capabilities provide analytics, and cross module comparisons.","split-or-operationalize","Assumes endorsement of this statement represents organizational capability.","potentially compound statement; no explicit recall window or threshold","medium","Likely executive/engineer information asymmetry; terminology and candor may vary by hierarchy and culture.","Triangulate anonymous role-stratified responses with an artifact, event sample, or operational measure."
"L300","Continuous Integration - Legacy","3","There are rollback capabilities for broken builds.","rewrite","Assumes endorsement of this statement represents organizational capability.","no explicit recall window or threshold","medium","Likely executive/engineer information asymmetry; terminology and candor may vary by hierarchy and culture.","Triangulate anonymous role-stratified responses with an artifact, event sample, or operational measure."
"L301","Continuous Integration - Microservices","-1","Build is manually performed, infrequently, custom every time or may be repeatable but static.","split-or-operationalize","Assumes respondents can accurately report the operational condition without a defined window or data source.","potentially compound statement; no explicit recall window or threshold","medium","Likely executive/engineer information asymmetry; terminology and candor may vary by hierarchy and culture.","Verify with telemetry, records, or a sampled artifact; define product/service and time window."
"L302","Continuous Integration - Microservices","-1","Steps to run and configure builds are not captured in any manner.","split-or-operationalize","Assumes endorsement of this statement represents organizational capability.","potentially compound statement; no explicit recall window or threshold","medium","Likely executive/engineer information asymmetry; terminology and candor may vary by hierarchy and culture.","Triangulate anonymous role-stratified responses with an artifact, event sample, or operational measure."
"L303","Continuous Integration - Microservices","-1","The build process is considered 'tribal knowledge'.","retain-as-evidence-prompt","Assumes respondents can accurately report the operational condition without a defined window or data source.","no explicit recall window or threshold","medium","Likely executive/engineer information asymmetry; terminology and candor may vary by hierarchy and culture.","Verify with telemetry, records, or a sampled artifact; define product/service and time window."
"L304","Continuous Integration - Microservices","1","Build to a dedicated environment is repeatable and automated.","split-or-operationalize","Assumes respondents can accurately report the operational condition without a defined window or data source.","potentially compound statement; no explicit recall window or threshold","medium","Likely executive/engineer information asymmetry; terminology and candor may vary by hierarchy and culture.","Verify with telemetry, records, or a sampled artifact; define product/service and time window."
"L305","Continuous Integration - Microservices","1","There is automated unit testing in the build.","retain-as-evidence-prompt","Assumes respondents can accurately report the operational condition without a defined window or data source.","no explicit recall window or threshold","medium","Likely executive/engineer information asymmetry; terminology and candor may vary by hierarchy and culture.","Verify with telemetry, records, or a sampled artifact; define product/service and time window."
"L306","Continuous Integration - Microservices","1","State of the build is a responsibility of the team.","retain-as-evidence-prompt","Assumes respondents can accurately report the operational condition without a defined window or data source.","no explicit recall window or threshold","medium","Likely executive/engineer information asymmetry; terminology and candor may vary by hierarchy and culture.","Verify with telemetry, records, or a sampled artifact; define product/service and time window."
"L307","Continuous Integration - Microservices","1","Build is automatically triggered.","retain-as-evidence-prompt","Assumes respondents can accurately report the operational condition without a defined window or data source.","no explicit recall window or threshold","medium","Likely executive/engineer information asymmetry; terminology and candor may vary by hierarchy and culture.","Verify with telemetry, records, or a sampled artifact; define product/service and time window."
"L308","Continuous Integration - Microservices","1","Broken builds get fixed within 24 hours.","rewrite","Assumes endorsement of this statement represents organizational capability.","limited lexical ambiguity; context still unspecified","medium","Likely executive/engineer information asymmetry; terminology and candor may vary by hierarchy and culture.","Triangulate anonymous role-stratified responses with an artifact, event sample, or operational measure."
"L309","Continuous Integration - Microservices","1","There is reporting of code quality, build statistics, and testing results.","split-or-operationalize","Assumes respondents can accurately report the operational condition without a defined window or data source.","potentially compound statement; no explicit recall window or threshold","medium","Likely executive/engineer information asymmetry; terminology and candor may vary by hierarchy and culture.","Verify with telemetry, records, or a sampled artifact; define product/service and time window."
"L310","Continuous Integration - Microservices","1","If complete regression build runs too long, then the build may be split into (1) Fast, incremental commit build launched for each check-in and (2) Complete regression build with automated functional tests as part of success criteria.","split-or-operationalize","Assumes respondents can accurately report the operational condition without a defined window or data source.","potentially compound statement; no explicit recall window or threshold","medium","Likely executive/engineer information asymmetry; terminology and candor may vary by hierarchy and culture.","Verify with telemetry, records, or a sampled artifact; define product/service and time window."
"L311","Continuous Integration - Microservices","1","The commit build provides feedback on common build problems in under 10 minutes.","retain-as-evidence-prompt","Assumes respondents can accurately report the operational condition without a defined window or data source.","no explicit recall window or threshold","medium","Likely executive/engineer information asymmetry; terminology and candor may vary by hierarchy and culture.","Verify with telemetry, records, or a sampled artifact; define product/service and time window."
"L312","Continuous Integration - Microservices","1","Each team member pushes code regularly (at least once a day) triggering the CI system.","rewrite","Assumes endorsement of this statement represents organizational capability.","limited lexical ambiguity; context still unspecified","medium","Likely executive/engineer information asymmetry; terminology and candor may vary by hierarchy and culture.","Triangulate anonymous role-stratified responses with an artifact, event sample, or operational measure."
"L313","Continuous Integration - Microservices","2","Build success criteria extend to non-functional considerations - such as architectural breaches, slow tests, and coding standard violations.","split-or-operationalize","Assumes respondents can accurately report the operational condition without a defined window or data source.","potentially compound statement; no explicit recall window or threshold","medium","Likely executive/engineer information asymmetry; terminology and candor may vary by hierarchy and culture.","Verify with telemetry, records, or a sampled artifact; define product/service and time window."
"L314","Continuous Integration - Microservices","2","Reporting capabilities provide complete transparency across all aspects of code quality, build statistics, and testing results.","split-or-operationalize","Assumes respondents can accurately report the operational condition without a defined window or data source.","potentially compound statement; absolute wording; no explicit recall window or threshold","medium","Likely executive/engineer information asymmetry; terminology and candor may vary by hierarchy and culture.","Verify with telemetry, records, or a sampled artifact; define product/service and time window."
"L315","Continuous Integration - Microservices","3","Builds are done in parallel reducing overall build time.","retain-as-evidence-prompt","Assumes respondents can accurately report the operational condition without a defined window or data source.","no explicit recall window or threshold","medium","Likely executive/engineer information asymmetry; terminology and candor may vary by hierarchy and culture.","Verify with telemetry, records, or a sampled artifact; define product/service and time window."
"L316","Continuous Integration - Microservices","3","Targeted feedback for corrective measures on failed builds occur across builds.","rewrite","Assumes endorsement of this statement represents organizational capability.","no explicit recall window or threshold","medium","Likely executive/engineer information asymmetry; terminology and candor may vary by hierarchy and culture.","Triangulate anonymous role-stratified responses with an artifact, event sample, or operational measure."
"L317","Continuous Integration - Microservices","3","Reporting capabilities provide analytics, and cross module comparisons.","split-or-operationalize","Assumes endorsement of this statement represents organizational capability.","potentially compound statement; no explicit recall window or threshold","medium","Likely executive/engineer information asymmetry; terminology and candor may vary by hierarchy and culture.","Triangulate anonymous role-stratified responses with an artifact, event sample, or operational measure."
"L318","Continuous Integration - Microservices","3","There are rollback capabilities for broken builds.","rewrite","Assumes endorsement of this statement represents organizational capability.","no explicit recall window or threshold","medium","Likely executive/engineer information asymmetry; terminology and candor may vary by hierarchy and culture.","Triangulate anonymous role-stratified responses with an artifact, event sample, or operational measure."
"L319","Continuous Delivery - Legacy","-1","Deployment is manually performed, infrequently custom every time; or may be repeatable but static.","split-or-operationalize","Assumes endorsement of this statement represents organizational capability.","potentially compound statement; no explicit recall window or threshold","medium","Likely executive/engineer information asymmetry; terminology and candor may vary by hierarchy and culture.","Triangulate anonymous role-stratified responses with an artifact, event sample, or operational measure."
"L320","Continuous Delivery - Legacy","-1","Deployment is owned by a specific member of the team.","rewrite","Assumes endorsement of this statement represents organizational capability.","no explicit recall window or threshold","medium","Likely executive/engineer information asymmetry; terminology and candor may vary by hierarchy and culture.","Triangulate anonymous role-stratified responses with an artifact, event sample, or operational measure."
"L321","Continuous Delivery - Legacy","1","Deployment to a dedicated environment is repeatable and automated and triggered on a schedule.","split-or-operationalize","Assumes endorsement of this statement represents organizational capability.","potentially compound statement; no explicit recall window or threshold","medium","Likely executive/engineer information asymmetry; terminology and candor may vary by hierarchy and culture.","Triangulate anonymous role-stratified responses with an artifact, event sample, or operational measure."
"L322","Continuous Delivery - Legacy","1","State of the deployment is a responsibility of a role defined for build and release engineer.","split-or-operationalize","Assumes respondents can accurately report the operational condition without a defined window or data source.","potentially compound statement; no explicit recall window or threshold","medium","Likely executive/engineer information asymmetry; terminology and candor may vary by hierarchy and culture.","Verify with telemetry, records, or a sampled artifact; define product/service and time window."
"L323","Continuous Delivery - Legacy","1","Software is built in every stage of the deployment pipeline.","rewrite","Assumes endorsement of this statement represents organizational capability.","no explicit recall window or threshold","medium","Likely executive/engineer information asymmetry; terminology and candor may vary by hierarchy and culture.","Triangulate anonymous role-stratified responses with an artifact, event sample, or operational measure."
"L324","Continuous Delivery - Legacy","1","Deployment occurs based on a cycle that is as short as possible while accommodating a full loop of the testing feedback cycle.","split-or-operationalize","Assumes endorsement of this statement represents organizational capability.","potentially compound statement; no explicit recall window or threshold","medium","Likely executive/engineer information asymmetry; terminology and candor may vary by hierarchy and culture.","Triangulate anonymous role-stratified responses with an artifact, event sample, or operational measure."
"L325","Continuous Delivery - Legacy","1","State of the deployment is the responsibility of the team.","rewrite","Assumes endorsement of this statement represents organizational capability.","no explicit recall window or threshold","medium","Likely executive/engineer information asymmetry; terminology and candor may vary by hierarchy and culture.","Triangulate anonymous role-stratified responses with an artifact, event sample, or operational measure."
"L326","Continuous Delivery - Legacy","1","Binaries are built once, and deployed to multiple environments, as necessary.","split-or-operationalize","Assumes endorsement of this statement represents organizational capability.","potentially compound statement; no explicit recall window or threshold","medium","Likely executive/engineer information asymmetry; terminology and candor may vary by hierarchy and culture.","Triangulate anonymous role-stratified responses with an artifact, event sample, or operational measure."
"L327","Continuous Delivery - Legacy","1","Testing and release environment mirror production.","split-or-operationalize","Assumes endorsement of this statement represents organizational capability.","potentially compound statement; no explicit recall window or threshold","medium","Likely executive/engineer information asymmetry; terminology and candor may vary by hierarchy and culture.","Triangulate anonymous role-stratified responses with an artifact, event sample, or operational measure."
"L328","Continuous Delivery - Legacy","2","Deployment occurs based on a cycle that is as short as possible while accommodating a full loop of the user feedback cycle.","split-or-operationalize","Assumes endorsement of this statement represents organizational capability.","potentially compound statement; no explicit recall window or threshold","medium","Likely executive/engineer information asymmetry; terminology and candor may vary by hierarchy and culture.","Triangulate anonymous role-stratified responses with an artifact, event sample, or operational measure."
"L329","Continuous Delivery - Legacy","2","Deployment can be made on components that allow for targeted features, - allowing for incremental feature releases.","rewrite","Assumes endorsement of this statement represents organizational capability.","no explicit recall window or threshold","medium","Likely executive/engineer information asymmetry; terminology and candor may vary by hierarchy and culture.","Triangulate anonymous role-stratified responses with an artifact, event sample, or operational measure."
"L330","Continuous Delivery - Legacy","2","Automation extends to non-server configuration such as networks, and external services.","split-or-operationalize","Assumes endorsement of this statement represents organizational capability.","potentially compound statement; no explicit recall window or threshold","medium","Likely executive/engineer information asymmetry; terminology and candor may vary by hierarchy and culture.","Triangulate anonymous role-stratified responses with an artifact, event sample, or operational measure."
"L331","Continuous Delivery - Legacy","3","Deploy can be made based on limited access to specific target end users.","retain-as-evidence-prompt","Assumes respondents can accurately report the operational condition without a defined window or data source.","no explicit recall window or threshold","medium","Likely executive/engineer information asymmetry; terminology and candor may vary by hierarchy and culture.","Verify with telemetry, records, or a sampled artifact; define product/service and time window."
"L332","Continuous Delivery - Legacy","3","Incremental rollback occurs as needed.","split-or-operationalize","Assumes endorsement of this statement represents organizational capability.","undefined evaluative or frequency term; no explicit recall window or threshold","high","Likely executive/engineer information asymmetry; terminology and candor may vary by hierarchy and culture.","Triangulate anonymous role-stratified responses with an artifact, event sample, or operational measure."
"L333","Continuous Delivery - Legacy","3","Continuous delivery environment collects data about feature usage and allows for blue green testing before full feature release in production.","split-or-operationalize","Assumes endorsement of this statement represents organizational capability.","potentially compound statement; no explicit recall window or threshold","medium","Likely executive/engineer information asymmetry; terminology and candor may vary by hierarchy and culture.","Triangulate anonymous role-stratified responses with an artifact, event sample, or operational measure."
"L334","Continuous Delivery - Microservices","-1","Deployment is manually performed, infrequently custom every time; or may be repeatable but static.","split-or-operationalize","Assumes endorsement of this statement represents organizational capability.","potentially compound statement; no explicit recall window or threshold","medium","Likely executive/engineer information asymmetry; terminology and candor may vary by hierarchy and culture.","Triangulate anonymous role-stratified responses with an artifact, event sample, or operational measure."
"L335","Continuous Delivery - Microservices","-1","Deployment is owned by a specific member of the team.","rewrite","Assumes endorsement of this statement represents organizational capability.","no explicit recall window or threshold","medium","Likely executive/engineer information asymmetry; terminology and candor may vary by hierarchy and culture.","Triangulate anonymous role-stratified responses with an artifact, event sample, or operational measure."
"L336","Continuous Delivery - Microservices","1","Deployment to a dedicated environment is repeatable and automated and triggered on a schedule.","split-or-operationalize","Assumes endorsement of this statement represents organizational capability.","potentially compound statement; no explicit recall window or threshold","medium","Likely executive/engineer information asymmetry; terminology and candor may vary by hierarchy and culture.","Triangulate anonymous role-stratified responses with an artifact, event sample, or operational measure."
"L337","Continuous Delivery - Microservices","1","State of the deployment is a responsibility of a role defined for build and release engineer.","split-or-operationalize","Assumes respondents can accurately report the operational condition without a defined window or data source.","potentially compound statement; no explicit recall window or threshold","medium","Likely executive/engineer information asymmetry; terminology and candor may vary by hierarchy and culture.","Verify with telemetry, records, or a sampled artifact; define product/service and time window."
"L338","Continuous Delivery - Microservices","1","Software is built in every stage of the deployment pipeline.","rewrite","Assumes endorsement of this statement represents organizational capability.","no explicit recall window or threshold","medium","Likely executive/engineer information asymmetry; terminology and candor may vary by hierarchy and culture.","Triangulate anonymous role-stratified responses with an artifact, event sample, or operational measure."
"L339","Continuous Delivery - Microservices","1","Deployment occurs based on a cycle that is as short as possible while accommodating a full loop of the testing feedback cycle.","split-or-operationalize","Assumes endorsement of this statement represents organizational capability.","potentially compound statement; no explicit recall window or threshold","medium","Likely executive/engineer information asymmetry; terminology and candor may vary by hierarchy and culture.","Triangulate anonymous role-stratified responses with an artifact, event sample, or operational measure."
"L340","Continuous Delivery - Microservices","1","State of the deployment is the responsibility of the team.","rewrite","Assumes endorsement of this statement represents organizational capability.","no explicit recall window or threshold","medium","Likely executive/engineer information asymmetry; terminology and candor may vary by hierarchy and culture.","Triangulate anonymous role-stratified responses with an artifact, event sample, or operational measure."
"L341","Continuous Delivery - Microservices","1","Binaries are built once, and deployed to multiple environments, as necessary.","split-or-operationalize","Assumes endorsement of this statement represents organizational capability.","potentially compound statement; no explicit recall window or threshold","medium","Likely executive/engineer information asymmetry; terminology and candor may vary by hierarchy and culture.","Triangulate anonymous role-stratified responses with an artifact, event sample, or operational measure."
"L342","Continuous Delivery - Microservices","1","Testing and release environment mirror production.","split-or-operationalize","Assumes endorsement of this statement represents organizational capability.","potentially compound statement; no explicit recall window or threshold","medium","Likely executive/engineer information asymmetry; terminology and candor may vary by hierarchy and culture.","Triangulate anonymous role-stratified responses with an artifact, event sample, or operational measure."
"L343","Continuous Delivery - Microservices","2","Deployment occurs based on a cycle that is as short as possible while accommodating a full loop of the user feedback cycle.","split-or-operationalize","Assumes endorsement of this statement represents organizational capability.","potentially compound statement; no explicit recall window or threshold","medium","Likely executive/engineer information asymmetry; terminology and candor may vary by hierarchy and culture.","Triangulate anonymous role-stratified responses with an artifact, event sample, or operational measure."
"L344","Continuous Delivery - Microservices","2","Deployment can be made on components that allow for targeted features, - allowing for incremental feature releases.","rewrite","Assumes endorsement of this statement represents organizational capability.","no explicit recall window or threshold","medium","Likely executive/engineer information asymmetry; terminology and candor may vary by hierarchy and culture.","Triangulate anonymous role-stratified responses with an artifact, event sample, or operational measure."
"L345","Continuous Delivery - Microservices","2","Automation extends to non-server configuration such as networks, and external services.","split-or-operationalize","Assumes endorsement of this statement represents organizational capability.","potentially compound statement; no explicit recall window or threshold","medium","Likely executive/engineer information asymmetry; terminology and candor may vary by hierarchy and culture.","Triangulate anonymous role-stratified responses with an artifact, event sample, or operational measure."
"L346","Continuous Delivery - Microservices","3","Deploy can be made based on limited access to specific target end users.","retain-as-evidence-prompt","Assumes respondents can accurately report the operational condition without a defined window or data source.","no explicit recall window or threshold","medium","Likely executive/engineer information asymmetry; terminology and candor may vary by hierarchy and culture.","Verify with telemetry, records, or a sampled artifact; define product/service and time window."
"L347","Continuous Delivery - Microservices","3","Incremental rollback occurs as needed.","split-or-operationalize","Assumes endorsement of this statement represents organizational capability.","undefined evaluative or frequency term; no explicit recall window or threshold","high","Likely executive/engineer information asymmetry; terminology and candor may vary by hierarchy and culture.","Triangulate anonymous role-stratified responses with an artifact, event sample, or operational measure."
"L348","Continuous Delivery - Microservices","3","Continuous delivery environment collects data about feature usage and allows for blue green testing before full feature release in production.","split-or-operationalize","Assumes endorsement of this statement represents organizational capability.","potentially compound statement; no explicit recall window or threshold","medium","Likely executive/engineer information asymmetry; terminology and candor may vary by hierarchy and culture.","Triangulate anonymous role-stratified responses with an artifact, event sample, or operational measure."
"L349","Automated Regression Testing","-1","No automated regression tests - it is all done manually.","rewrite","Assumes endorsement of this statement represents organizational capability.","absolute wording; no explicit recall window or threshold","medium","Likely executive/engineer information asymmetry; terminology and candor may vary by hierarchy and culture.","Triangulate anonymous role-stratified responses with an artifact, event sample, or operational measure."
"L350","Automated Regression Testing","-1","The team complains that they have tried to get automated functional tests to work in the past, but they say it slows them down and is too expensive for this group to do.","split-or-operationalize","Assumes endorsement of this statement represents organizational capability.","potentially compound statement","medium","Likely executive/engineer information asymmetry; terminology and candor may vary by hierarchy and culture.","Triangulate anonymous role-stratified responses with an artifact, event sample, or operational measure."
"L351","Automated Regression Testing","-1","Little to no organizational support for leadership promoting an investment in test automation.","retain-as-evidence-prompt","Assumes respondents can accurately report the operational condition without a defined window or data source.","no explicit recall window or threshold","medium","Likely executive/engineer information asymmetry; terminology and candor may vary by hierarchy and culture.","Verify with telemetry, records, or a sampled artifact; define product/service and time window."
"L352","Automated Regression Testing","1","There is some automated testing, including some in the automated regression build.","split-or-operationalize","Assumes respondents can accurately report the operational condition without a defined window or data source.","potentially compound statement; no explicit recall window or threshold","medium","Likely executive/engineer information asymmetry; terminology and candor may vary by hierarchy and culture.","Verify with telemetry, records, or a sampled artifact; define product/service and time window."
"L353","Automated Regression Testing","1","Automated regression tests complete in less than two hours.","rewrite","Assumes endorsement of this statement represents organizational capability.","no explicit recall window or threshold","medium","Likely executive/engineer information asymmetry; terminology and candor may vary by hierarchy and culture.","Triangulate anonymous role-stratified responses with an artifact, event sample, or operational measure."
"L354","Automated Regression Testing","1","Code coverage is measured on automated functional tests.","retain-as-evidence-prompt","Assumes respondents can accurately report the operational condition without a defined window or data source.","no explicit recall window or threshold","medium","Likely executive/engineer information asymmetry; terminology and candor may vary by hierarchy and culture.","Verify with telemetry, records, or a sampled artifact; define product/service and time window."
"L355","Automated Regression Testing","1","All of the tests are included in a CI build and there are rarely test cases commented out or ignored.","split-or-operationalize","Assumes respondents can accurately report the operational condition without a defined window or data source.","potentially compound statement; absolute wording; no explicit recall window or threshold","medium","Likely executive/engineer information asymmetry; terminology and candor may vary by hierarchy and culture.","Verify with telemetry, records, or a sampled artifact; define product/service and time window."
"L356","Automated Regression Testing","1","The team values automated testing.","rewrite","Assumes endorsement of this statement represents organizational capability.","no explicit recall window or threshold","medium","Likely executive/engineer information asymmetry; terminology and candor may vary by hierarchy and culture.","Triangulate anonymous role-stratified responses with an artifact, event sample, or operational measure."
"L357","Automated Regression Testing","1","Pipeline includes gating factor to ensure that important code quality metrics don't backslide","rewrite","Assumes endorsement of this statement represents organizational capability.","no explicit recall window or threshold","medium","Likely executive/engineer information asymmetry; terminology and candor may vary by hierarchy and culture.","Triangulate anonymous role-stratified responses with an artifact, event sample, or operational measure."
"L358","Automated Regression Testing","2","The team agrees that the automated tests are valuable and organize to run them in various CI builds.","split-or-operationalize","Assumes endorsement of this statement represents organizational capability.","undefined evaluative or frequency term; potentially compound statement; no explicit recall window or threshold","high","Likely executive/engineer information asymmetry; terminology and candor may vary by hierarchy and culture.","Triangulate anonymous role-stratified responses with an artifact, event sample, or operational measure."
"L359","Automated Regression Testing","2","They recognize that they can't be run all of the time for each build, so they will be segregated and run at different times.","split-or-operationalize","Assumes respondents can accurately report the operational condition without a defined window or data source.","potentially compound statement; absolute wording; no explicit recall window or threshold","medium","Likely executive/engineer information asymmetry; terminology and candor may vary by hierarchy and culture.","Verify with telemetry, records, or a sampled artifact; define product/service and time window."
"L360","Automated Regression Testing","2","There may be time sequences where all of the builds are not running successfully because the tests are failing.","rewrite","Assumes endorsement of this statement represents organizational capability.","absolute wording; no explicit recall window or threshold","medium","Likely executive/engineer information asymmetry; terminology and candor may vary by hierarchy and culture.","Triangulate anonymous role-stratified responses with an artifact, event sample, or operational measure."
"L361","Automated Regression Testing","2","Sometimes they will allow a small set of tests to be commented out as they are difficult to debug/fix.","rewrite","Assumes endorsement of this statement represents organizational capability.","no explicit recall window or threshold","medium","Likely executive/engineer information asymmetry; terminology and candor may vary by hierarchy and culture.","Triangulate anonymous role-stratified responses with an artifact, event sample, or operational measure."
"L362","Automated Regression Testing","2","Similar to automated unit testing, the team understands and works to have fast and reliable automated feature tests.","split-or-operationalize","Assumes endorsement of this statement represents organizational capability.","potentially compound statement; no explicit recall window or threshold","medium","Likely executive/engineer information asymmetry; terminology and candor may vary by hierarchy and culture.","Triangulate anonymous role-stratified responses with an artifact, event sample, or operational measure."
"L363","Automated Regression Testing","2","A smoke test is included with the unit tests to ensure major capabilities continue to work with each check-in.","retain-as-evidence-prompt","Assumes respondents can accurately report the operational condition without a defined window or data source.","no explicit recall window or threshold","medium","Likely executive/engineer information asymmetry; terminology and candor may vary by hierarchy and culture.","Verify with telemetry, records, or a sampled artifact; define product/service and time window."
"L364","Automated Regression Testing","3","Speed and durability are significant concerns, and the team works at writing good and fast tests.","split-or-operationalize","Assumes endorsement of this statement represents organizational capability.","undefined evaluative or frequency term; potentially compound statement; no explicit recall window or threshold","high","Likely executive/engineer information asymmetry; terminology and candor may vary by hierarchy and culture.","Triangulate anonymous role-stratified responses with an artifact, event sample, or operational measure."
"L365","Automated Regression Testing","3","All the tests are allocated to a CI build to ensure they run at some times.","retain-as-evidence-prompt","Assumes respondents can accurately report the operational condition without a defined window or data source.","absolute wording; no explicit recall window or threshold","medium","Likely executive/engineer information asymmetry; terminology and candor may vary by hierarchy and culture.","Verify with telemetry, records, or a sampled artifact; define product/service and time window."
"L366","Automated Regression Testing","3","The team understand that the automated tests are a real safety net and use them to strive for zero defects to production.","split-or-operationalize","Assumes endorsement of this statement represents organizational capability.","potentially compound statement; absolute wording; no explicit recall window or threshold","medium","Likely executive/engineer information asymmetry; terminology and candor may vary by hierarchy and culture.","Triangulate anonymous role-stratified responses with an artifact, event sample, or operational measure."
"L367","Automated Regression Testing","3","Performance and other non-functional requirements are included in the tests.","split-or-operationalize","Assumes endorsement of this statement represents organizational capability.","potentially compound statement; no explicit recall window or threshold","medium","Likely executive/engineer information asymmetry; terminology and candor may vary by hierarchy and culture.","Triangulate anonymous role-stratified responses with an artifact, event sample, or operational measure."
"L368","Automated Regression Testing","3","The tests are structured so that the developers run all unit tests and key functional tests (smoke tests) prior to every check-in.","split-or-operationalize","Assumes endorsement of this statement represents organizational capability.","potentially compound statement; absolute wording; no explicit recall window or threshold","medium","Likely executive/engineer information asymmetry; terminology and candor may vary by hierarchy and culture.","Triangulate anonymous role-stratified responses with an artifact, event sample, or operational measure."
"L369","Source Code Management - Legacy","-1","Traditional schemes based on file-locking and time-sharing or no code repository is used.","split-or-operationalize","Assumes endorsement of this statement represents organizational capability.","potentially compound statement; no explicit recall window or threshold","medium","Likely executive/engineer information asymmetry; terminology and candor may vary by hierarchy and culture.","Triangulate anonymous role-stratified responses with an artifact, event sample, or operational measure."
"L370","Source Code Management - Legacy","-1","Check-ins are not performed in short time-frames, leaving code unprotected and not integrated for long periods of time (greater than a couple of days).","split-or-operationalize","Assumes endorsement of this statement represents organizational capability.","potentially compound statement","medium","Likely executive/engineer information asymmetry; terminology and candor may vary by hierarchy and culture.","Triangulate anonymous role-stratified responses with an artifact, event sample, or operational measure."
"L371","Source Code Management - Legacy","-1","Code branches are not well understood or managed.","split-or-operationalize","Assumes endorsement of this statement represents organizational capability.","undefined evaluative or frequency term; potentially compound statement; no explicit recall window or threshold","high","Likely executive/engineer information asymmetry; terminology and candor may vary by hierarchy and culture.","Triangulate anonymous role-stratified responses with an artifact, event sample, or operational measure."
"L372","Source Code Management - Legacy","1","The team uses a supported SCM for code and tests..","split-or-operationalize","Assumes endorsement of this statement represents organizational capability.","potentially compound statement; no explicit recall window or threshold","medium","Likely executive/engineer information asymmetry; terminology and candor may vary by hierarchy and culture.","Triangulate anonymous role-stratified responses with an artifact, event sample, or operational measure."
"L373","Source Code Management - Legacy","1","IDE(s) integrate with SCM.","rewrite","Assumes endorsement of this statement represents organizational capability.","no explicit recall window or threshold","medium","Likely executive/engineer information asymmetry; terminology and candor may vary by hierarchy and culture.","Triangulate anonymous role-stratified responses with an artifact, event sample, or operational measure."
"L374","Source Code Management - Legacy","1","Developers include meaningful comments in commits.","rewrite","Assumes endorsement of this statement represents organizational capability.","no explicit recall window or threshold","medium","Likely executive/engineer information asymmetry; terminology and candor may vary by hierarchy and culture.","Triangulate anonymous role-stratified responses with an artifact, event sample, or operational measure."
"L375","Source Code Management - Legacy","1","Build can pull code from repository.","retain-as-evidence-prompt","Assumes respondents can accurately report the operational condition without a defined window or data source.","no explicit recall window or threshold","medium","Likely executive/engineer information asymmetry; terminology and candor may vary by hierarchy and culture.","Verify with telemetry, records, or a sampled artifact; define product/service and time window."
"L376","Source Code Management - Legacy","1","The team checks in at least every couple of days into the mainline trunk.","rewrite","Assumes endorsement of this statement represents organizational capability.","limited lexical ambiguity; context still unspecified","medium","Likely executive/engineer information asymmetry; terminology and candor may vary by hierarchy and culture.","Triangulate anonymous role-stratified responses with an artifact, event sample, or operational measure."
"L377","Source Code Management - Legacy","1","Mainline branches are protected from inadvertent changes.","rewrite","Assumes endorsement of this statement represents organizational capability.","no explicit recall window or threshold","medium","Likely executive/engineer information asymmetry; terminology and candor may vary by hierarchy and culture.","Triangulate anonymous role-stratified responses with an artifact, event sample, or operational measure."
"L378","Source Code Management - Legacy","1","Each team member can often merge their code with no merge problems.","split-or-operationalize","Assumes endorsement of this statement represents organizational capability.","undefined evaluative or frequency term; no explicit recall window or threshold","high","Likely executive/engineer information asymmetry; terminology and candor may vary by hierarchy and culture.","Triangulate anonymous role-stratified responses with an artifact, event sample, or operational measure."
"L379","Source Code Management - Legacy","2","SCM supports merging; optimistic check-ins.","rewrite","Assumes endorsement of this statement represents organizational capability.","no explicit recall window or threshold","medium","Likely executive/engineer information asymmetry; terminology and candor may vary by hierarchy and culture.","Triangulate anonymous role-stratified responses with an artifact, event sample, or operational measure."
"L380","Source Code Management - Legacy","2","Build does pull code from repository.","retain-as-evidence-prompt","Assumes respondents can accurately report the operational condition without a defined window or data source.","no explicit recall window or threshold","medium","Likely executive/engineer information asymmetry; terminology and candor may vary by hierarchy and culture.","Verify with telemetry, records, or a sampled artifact; define product/service and time window."
"L381","Source Code Management - Legacy","2","Check-ins are done daily, if not several times per day.","rewrite","Assumes endorsement of this statement represents organizational capability.","limited lexical ambiguity; context still unspecified","medium","Likely executive/engineer information asymmetry; terminology and candor may vary by hierarchy and culture.","Triangulate anonymous role-stratified responses with an artifact, event sample, or operational measure."
"L382","Source Code Management - Legacy","2","Team does not check in code if the build is broken, unless the check-in is to fix the build.","retain-as-evidence-prompt","Assumes respondents can accurately report the operational condition without a defined window or data source.","no explicit recall window or threshold","medium","Likely executive/engineer information asymmetry; terminology and candor may vary by hierarchy and culture.","Verify with telemetry, records, or a sampled artifact; define product/service and time window."
"L383","Source Code Management - Legacy","2","Production or release branch fixes are always applied consistently to trunk.","split-or-operationalize","Assumes endorsement of this statement represents organizational capability.","potentially compound statement; absolute wording; no explicit recall window or threshold","medium","Likely executive/engineer information asymmetry; terminology and candor may vary by hierarchy and culture.","Triangulate anonymous role-stratified responses with an artifact, event sample, or operational measure."
"L384","Source Code Management - Legacy","3","Commits are logically orchestrated; all development and release collateral is in SCM.","split-or-operationalize","Assumes endorsement of this statement represents organizational capability.","potentially compound statement; absolute wording; no explicit recall window or threshold","medium","Likely executive/engineer information asymmetry; terminology and candor may vary by hierarchy and culture.","Triangulate anonymous role-stratified responses with an artifact, event sample, or operational measure."
"L385","Source Code Management - Legacy","3","Gated check-in's are enforced; all steps passing with improving metrics.","rewrite","Assumes endorsement of this statement represents organizational capability.","absolute wording; no explicit recall window or threshold","medium","Likely executive/engineer information asymmetry; terminology and candor may vary by hierarchy and culture.","Triangulate anonymous role-stratified responses with an artifact, event sample, or operational measure."
"L386","Source Code Management - Legacy","3","Branches are used effectively, and merges are are easily supported.","split-or-operationalize","Assumes endorsement of this statement represents organizational capability.","undefined evaluative or frequency term; potentially compound statement; no explicit recall window or threshold","high","Likely executive/engineer information asymmetry; terminology and candor may vary by hierarchy and culture.","Triangulate anonymous role-stratified responses with an artifact, event sample, or operational measure."
"L387","Source Code Management - Microservices","-1","Traditional schemes based on file-locking and time-sharing or no code repository is used.","split-or-operationalize","Assumes endorsement of this statement represents organizational capability.","potentially compound statement; no explicit recall window or threshold","medium","Likely executive/engineer information asymmetry; terminology and candor may vary by hierarchy and culture.","Triangulate anonymous role-stratified responses with an artifact, event sample, or operational measure."
"L388","Source Code Management - Microservices","-1","Check-ins are not performed in short time-frames, leaving code unprotected and not integrated for long periods of time (greater than a couple of days).","split-or-operationalize","Assumes endorsement of this statement represents organizational capability.","potentially compound statement","medium","Likely executive/engineer information asymmetry; terminology and candor may vary by hierarchy and culture.","Triangulate anonymous role-stratified responses with an artifact, event sample, or operational measure."
"L389","Source Code Management - Microservices","-1","Code branches are not well understood or managed.","split-or-operationalize","Assumes endorsement of this statement represents organizational capability.","undefined evaluative or frequency term; potentially compound statement; no explicit recall window or threshold","high","Likely executive/engineer information asymmetry; terminology and candor may vary by hierarchy and culture.","Triangulate anonymous role-stratified responses with an artifact, event sample, or operational measure."
"L390","Source Code Management - Microservices","1","The team uses a supported SCM for code and tests..","split-or-operationalize","Assumes endorsement of this statement represents organizational capability.","potentially compound statement; no explicit recall window or threshold","medium","Likely executive/engineer information asymmetry; terminology and candor may vary by hierarchy and culture.","Triangulate anonymous role-stratified responses with an artifact, event sample, or operational measure."
"L391","Source Code Management - Microservices","1","IDE(s) integrate with SCM.","rewrite","Assumes endorsement of this statement represents organizational capability.","no explicit recall window or threshold","medium","Likely executive/engineer information asymmetry; terminology and candor may vary by hierarchy and culture.","Triangulate anonymous role-stratified responses with an artifact, event sample, or operational measure."
"L392","Source Code Management - Microservices","1","Developers include meaningful comments in commits.","rewrite","Assumes endorsement of this statement represents organizational capability.","no explicit recall window or threshold","medium","Likely executive/engineer information asymmetry; terminology and candor may vary by hierarchy and culture.","Triangulate anonymous role-stratified responses with an artifact, event sample, or operational measure."
"L393","Source Code Management - Microservices","1","Build can pull code from repository.","retain-as-evidence-prompt","Assumes respondents can accurately report the operational condition without a defined window or data source.","no explicit recall window or threshold","medium","Likely executive/engineer information asymmetry; terminology and candor may vary by hierarchy and culture.","Verify with telemetry, records, or a sampled artifact; define product/service and time window."
"L394","Source Code Management - Microservices","1","The team checks in at least every couple of days into the mainline trunk.","rewrite","Assumes endorsement of this statement represents organizational capability.","limited lexical ambiguity; context still unspecified","medium","Likely executive/engineer information asymmetry; terminology and candor may vary by hierarchy and culture.","Triangulate anonymous role-stratified responses with an artifact, event sample, or operational measure."
"L395","Source Code Management - Microservices","1","Mainline branches are protected from inadvertent changes.","rewrite","Assumes endorsement of this statement represents organizational capability.","no explicit recall window or threshold","medium","Likely executive/engineer information asymmetry; terminology and candor may vary by hierarchy and culture.","Triangulate anonymous role-stratified responses with an artifact, event sample, or operational measure."
"L396","Source Code Management - Microservices","1","Each team member can often merge their code with no merge problems.","split-or-operationalize","Assumes endorsement of this statement represents organizational capability.","undefined evaluative or frequency term; no explicit recall window or threshold","high","Likely executive/engineer information asymmetry; terminology and candor may vary by hierarchy and culture.","Triangulate anonymous role-stratified responses with an artifact, event sample, or operational measure."
"L397","Source Code Management - Microservices","2","SCM supports merging; optimistic check-ins.","rewrite","Assumes endorsement of this statement represents organizational capability.","no explicit recall window or threshold","medium","Likely executive/engineer information asymmetry; terminology and candor may vary by hierarchy and culture.","Triangulate anonymous role-stratified responses with an artifact, event sample, or operational measure."
"L398","Source Code Management - Microservices","2","Build does pull code from repository.","retain-as-evidence-prompt","Assumes respondents can accurately report the operational condition without a defined window or data source.","no explicit recall window or threshold","medium","Likely executive/engineer information asymmetry; terminology and candor may vary by hierarchy and culture.","Verify with telemetry, records, or a sampled artifact; define product/service and time window."
"L399","Source Code Management - Microservices","2","Check-ins are done daily, if not several times per day.","rewrite","Assumes endorsement of this statement represents organizational capability.","limited lexical ambiguity; context still unspecified","medium","Likely executive/engineer information asymmetry; terminology and candor may vary by hierarchy and culture.","Triangulate anonymous role-stratified responses with an artifact, event sample, or operational measure."
"L400","Source Code Management - Microservices","2","Team does not check in code if the build is broken, unless the check-in is to fix the build.","retain-as-evidence-prompt","Assumes respondents can accurately report the operational condition without a defined window or data source.","no explicit recall window or threshold","medium","Likely executive/engineer information asymmetry; terminology and candor may vary by hierarchy and culture.","Verify with telemetry, records, or a sampled artifact; define product/service and time window."
"L401","Source Code Management - Microservices","3","Commits are logically orchestrated; all development and release collateral is in SCM.","split-or-operationalize","Assumes endorsement of this statement represents organizational capability.","potentially compound statement; absolute wording; no explicit recall window or threshold","medium","Likely executive/engineer information asymmetry; terminology and candor may vary by hierarchy and culture.","Triangulate anonymous role-stratified responses with an artifact, event sample, or operational measure."
"L402","Source Code Management - Microservices","3","Gated check-in's are enforced; all steps passing with improving metrics.","rewrite","Assumes endorsement of this statement represents organizational capability.","absolute wording; no explicit recall window or threshold","medium","Likely executive/engineer information asymmetry; terminology and candor may vary by hierarchy and culture.","Triangulate anonymous role-stratified responses with an artifact, event sample, or operational measure."
"L403","Source Code Management - Microservices","3","Branches are used effectively, and merges are are easily supported.","split-or-operationalize","Assumes endorsement of this statement represents organizational capability.","undefined evaluative or frequency term; potentially compound statement; no explicit recall window or threshold","high","Likely executive/engineer information asymmetry; terminology and candor may vary by hierarchy and culture.","Triangulate anonymous role-stratified responses with an artifact, event sample, or operational measure."
